SALE TYPE,SOLD DATE,PROPERTY TYPE,ADDRESS,CITY,STATE OR PROVINCE,ZIP OR POSTAL CODE,PRICE,BEDS,BATHS,LOCATION,SQUARE FEET,LOT SIZE,YEAR BUILT,DAYS ON MARKET,$/SQUARE FEET,HOA/MONTH,STATUS,NEXT OPEN HOUSE START TIME,NEXT OPEN HOUSE END TIME,URL (SEE https://www.redfin.com/buy-a-home/comparative-market-analysis FOR INFO ON PRICING),SOURCE,MLS#,FAVORITE,INTERESTED,LATITUDE,LONGITUDE
MLS Listing,,Condo/Co-op,702 E 51st St #3,Chicago,IL,60615,269900,3,2.0,Parkview Condos,1600,,1906,3,169,377,Active,,,https://www.redfin.com/IL/Chicago/702-E-51st-St-60615/unit-3/home/12761478,MRED,11903334,N,Y,41.8025023,-87.6087538
MLS Listing,,Multi-Family (2-4 Unit),7230 S Union Ave,Chicago,IL,60621,224900,6,2.0,CHI - Englewood,,3484,1904,3,,,Active,,,https://www.redfin.com/IL/Chicago/7230-S-Union-Ave-60621/home/23098326,MRED,11890813,N,Y,41.7624735,-87.6418684
MLS Listing,,Condo/Co-op,222 S Racine Ave #507,Chicago,IL,60607,450000,2,2.0,CHI - Near West Side,1425,,1997,3,316,570,Active,,,https://www.redfin.com/IL/Chicago/222-S-Racine-Ave-60607/unit-507/home/12712797,MRED,11900173,N,Y,41.8783928,-87.6572885
MLS Listing,,Single Family Residential,3435 N Tripp Ave,Chicago,IL,60641,564000,5,3.5,CHI - Irving Park,2305,3750,1915,3,245,,Active,October-14-2023 11:00 AM,October-14-2023 01:00 PM,https://www.redfin.com/IL/Chicago/3435-N-Tripp-Ave-60641/home/13456354,MRED,11902908,N,Y,41.9436986,-87.7331907
MLS Listing,,Condo/Co-op,680 S Federal St #708,Chicago,IL,60605,202000,1,1.0,Printers Square,,,1910,3,,500,Active,,,https://www.redfin.com/IL/Chicago/680-S-Federal-St-60605/unit-708/home/18917190,MRED,11900833,N,Y,41.8730948,-87.629905
MLS Listing,,Single Family Residential,6933 S East End Ave,Chicago,IL,60649,325000,4,3.0,CHI - South Shore,1440,31058,2000,4,226,,Active,,,https://www.redfin.com/IL/Chicago/6933-S-East-End-Ave-60649/home/13926990,MRED,11890411,N,Y,41.7688714,-87.5824877
MLS Listing,,Single Family Residential,3752 W 87th St,Chicago,IL,60652,199900,3,1.0,CHI - Ashburn,1020,,1956,4,196,,Active,,,https://www.redfin.com/IL/Chicago/3752-W-87th-St-60652/home/13967007,MRED,11897555,N,Y,41.7352129,-87.7162803
MLS Listing,,Condo/Co-op,1875 N Winnebago Ave Unit 1E,Chicago,IL,60647,375000,2,3.0,CHI - Logan Square,,,2001,4,,361,Active,,,https://www.redfin.com/IL/Chicago/1875-N-Winnebago-Ave-60647/unit-1E/home/187838715,MRED,11901786,N,Y,41.9154697,-87.6865606
MLS Listing,,Condo/Co-op,2028 W Augusta Blvd Unit 2E,Chicago,IL,60622,485000,2,2.0,CHI - West Town,1250,,2008,4,388,197,Active,,,https://www.redfin.com/IL/Chicago/2028-W-Augusta-Blvd-60622/unit-2E/home/26812669,MRED,11897414,N,Y,41.8997658,-87.6783192
MLS Listing,,Condo/Co-op,3705 W Altgeld St #1,Chicago,IL,60647,250000,2,1.0,CHI - Logan Square,,,1932,4,,211,Active,,,https://www.redfin.com/IL/Chicago/3705-W-Altgeld-St-60647/unit-1/home/23019906,MRED,11896491,N,Y,41.9262115,-87.719918
MLS Listing,,Single Family Residential,2937 N Neenah Ave,Chicago,IL,60634,400000,4,2.0,CHI - Belmont Cragin,,3750,1928,4,,,Active,,,https://www.redfin.com/IL/Chicago/2937-N-Neenah-Ave-60634/home/13433912,MRED,11900744,N,Y,41.9339264,-87.789188
MLS Listing,,Condo/Co-op,240 E Illinois St #2603,Chicago,IL,60611,424000,1,1.0,CHI - Near North Side,,,2008,5,,745,Active,,,https://www.redfin.com/IL/Chicago/240-E-Illinois-St-60611/unit-2603/home/13150347,MRED,11893387,N,Y,41.8911546,-87.6210377
MLS Listing,,Single Family Residential,4339 S Oakenwald Ave,Chicago,IL,60653,729000,4,3.0,CHI - Kenwood,3200,3092,2000,5,228,,Active,October-14-2023 11:00 AM,October-14-2023 01:00 PM,https://www.redfin.com/IL/Chicago/4339-S-Oakenwald-Ave-60653/home/12784933,MRED,11901166,N,Y,41.8159812,-87.5965146
MLS Listing,,Single Family Residential,2309 N Geneva Ter,Chicago,IL,60614,3095000,7,6.5,CHI - Lincoln Park,8000,2574,1893,5,387,,Active,,,https://www.redfin.com/IL/Chicago/2309-N-Geneva-Ter-60614/home/13350932,MRED,11900836,N,Y,41.9241175,-87.6436681
MLS Listing,,Single Family Residential,2010 Brummel St,Evanston,IL,60202,489000,4,3.0,Evanston,2183,,1952,5,224,,Active,,,https://www.redfin.com/IL/Evanston/2010-Brummel-St-60202/home/13604833,MRED,11893415,N,Y,42.0208988,-87.7013428
MLS Listing,,Condo/Co-op,2419 W Hollywood Ave #3,Chicago,IL,60659,169000,2,1.0,CHI - West Ridge,900,,1930,5,188,251,Active,,,https://www.redfin.com/IL/Chicago/2419-W-Hollywood-Ave-60659/unit-3/home/18929362,MRED,11895149,N,Y,41.9848308,-87.6902736
MLS Listing,,Condo/Co-op,1635 W Pratt Blvd Unit 3N,Chicago,IL,60626,215000,2,1.0,CHI - Rogers Park,850,,1924,5,253,330,Active,,,https://www.redfin.com/IL/Chicago/1635-W-Pratt-Blvd-60626/unit-3N/home/12605338,MRED,11887991,N,Y,42.005079,-87.671362
MLS Listing,,Condo/Co-op,4218 S King Dr Unit 1N,Chicago,IL,60653,255000,3,2.0,CHI - Grand Boulevard,1465,,2004,5,174,250,Active,,,https://www.redfin.com/IL/Chicago/4218-S-King-Dr-60653/unit-1N/home/18941022,MRED,11900674,N,Y,41.8178568,-87.6174066
MLS Listing,,Condo/Co-op,757 N Orleans St #1408,Chicago,IL,60654,384000,2,1.5,CHI - Near North Side,1070,,2008,7,359,632,Active,,,https://www.redfin.com/IL/Chicago/757-N-Orleans-St-60654/unit-1408/home/52637273,MRED,11899242,N,Y,41.8963014,-87.6365635
MLS Listing,,Condo/Co-op,3737 N Leavitt St Unit 1N,Chicago,IL,60618,299900,2,1.0,CHI - North Center,850,,2004,7,353,300,Active,,,https://www.redfin.com/IL/Chicago/3737-N-Leavitt-St-60618/unit-1N/home/13388911,MRED,11899216,N,Y,41.9497693,-87.6833475
MLS Listing,,Vacant Land,2434 N Saint Louis Ave,Chicago,IL,60647,415000,,,CHI - Logan Square,,3049,,7,,,Active,,,https://www.redfin.com/IL/Chicago/2434-N-Saint-Louis-Ave-60647/home/13444893,MRED,11898516,N,Y,41.9256343,-87.7149278
MLS Listing,,Multi-Family (2-4 Unit),3657 N Lotus Ave,Chicago,IL,60641,730000,6,3.5,CHI - Portage Park,,3750,1925,7,,,Active,,,https://www.redfin.com/IL/Chicago/3657-N-Lotus-Ave-60641/home/187793645,MRED,11894164,N,Y,41.9476172,-87.7628491
MLS Listing,,Condo/Co-op,175 E Delaware Pl #7508,Chicago,IL,60611,2449900,4,4.5,CHI - Near North Side,4200,,1970,10,583,3998,Active,,,https://www.redfin.com/IL/Chicago/175-E-Delaware-Pl-60611/unit-7508/home/14119131,MRED,11897515,N,Y,41.8989444,-87.6227945
MLS Listing,,Condo/Co-op,1636 W Melrose St #104,Chicago,IL,60657,239000,1,1.0,CHI - Lake View,,,1925,10,,197,Active,,,https://www.redfin.com/IL/Chicago/1636-W-Melrose-St-60657/unit-104/home/12743685,MRED,11895185,N,Y,41.9408453,-87.6701752
MLS Listing,,Townhouse,2405 W Flournoy St Unit B,Chicago,IL,60612,349900,2,1.5,CHI - Near West Side,1500,,1997,11,233,216,Active,,,https://www.redfin.com/IL/Chicago/2405-W-Flournoy-St-60612/unit-B/home/12791576,MRED,11890328,N,Y,41.8728108,-87.6865178
MLS Listing,,Condo/Co-op,3338 N Paulina St Unit 2S,Chicago,IL,60657,349000,2,1.0,CHI - Lake View,,,1901,11,,300,Active,October-14-2023 11:00 AM,October-14-2023 01:00 PM,https://www.redfin.com/IL/Chicago/3338-N-Paulina-St-60657/unit-2S/home/183807156,MRED,11893652,N,Y,41.9426895,-87.6713533
MLS Listing,,Condo/Co-op,222 E Chestnut St Unit 6B,Chicago,IL,60611,775000,3,2.5,CHI - Near North Side,2400,,1931,11,323,1852,Active,,,https://www.redfin.com/IL/Chicago/222-E-Chestnut-St-60611/unit-6B/home/14118748,MRED,11894300,N,Y,41.8986915,-87.6209133
MLS Listing,,Condo/Co-op,2024 S Wabash Ave #204,Chicago,IL,60616,294900,2,2.0,CHI - Loop,1290,,1920,11,229,673,Active,,,https://www.redfin.com/IL/Chicago/2024-S-Wabash-Ave-60616/unit-204/home/12750218,MRED,11888309,N,Y,41.8546146,-87.6260075
MLS Listing,,Single Family Residential,2717 W Adams St,Chicago,IL,60612,550000,4,3.0,CHI - East Garfield Park,2200,3049,1900,11,250,,Active,,,https://www.redfin.com/IL/Chicago/2717-W-Adams-St-60612/home/13258397,MRED,11894722,N,Y,41.8781704,-87.6945124
MLS Listing,,Condo/Co-op,2452 N Racine Ave Unit 3N,Chicago,IL,60614,515000,2,1.0,CHI - Lincoln Park,1200,,1910,11,429,380,Active,,,https://www.redfin.com/IL/Chicago/2452-N-Racine-Ave-60614/unit-3N/home/44587103,MRED,11895715,N,Y,41.926814,-87.6588422
MLS Listing,,Multi-Family (2-4 Unit),6667 S Michigan Ave,Chicago,IL,60637,374999,11,6.0,CHI - Greater Grand Crossing,,,2000,12,,,Active,,,https://www.redfin.com/IL/Chicago/6667-S-Michigan-Ave-60637/home/13931070,MRED,11888978,N,Y,41.773029,-87.622398
MLS Listing,,Townhouse,2220 N Lakewood Ave,Chicago,IL,60614,875000,3,2.5,CHI - Lincoln Park,,,1984,12,,350,Active,,,https://www.redfin.com/IL/Chicago/2220-N-Lakewood-Ave-60614/home/13353426,MRED,11885675,N,Y,41.9222891,-87.6610541
MLS Listing,,Condo/Co-op,3255 N Seminary Ave Unit A,Chicago,IL,60657,524900,2,2.0,CHI - Lake View,,,1988,12,,133,Active,,,https://www.redfin.com/IL/Chicago/3255-N-Seminary-Ave-60657/unit-A/home/13381093,MRED,11895259,N,Y,41.9414995,-87.656225
MLS Listing,,Condo/Co-op,545 N Dearborn St #1206,Chicago,IL,60654,344900,0,1.0,CHI - Near North Side,750,,2003,14,460,546,Active,,,https://www.redfin.com/IL/Chicago/545-N-Dearborn-St-60654/unit-1206/home/185636982,MRED,11890954,N,Y,41.892138,-87.6293649
MLS Listing,,Condo/Co-op,1515 S Prairie Ave #1004,Chicago,IL,60605,287000,1,1.5,CHI - Near South Side,900,,2003,14,319,807,Active,,,https://www.redfin.com/IL/Chicago/1515-S-Prairie-Ave-60605/unit-1004/home/12675088,MRED,11893269,N,Y,41.8617675,-87.6202181
MLS Listing,,Condo/Co-op,101 W Superior St #905,Chicago,IL,60654,475000,2,2.0,CHI - Near North Side,1075,,2004,17,442,726,Active,,,https://www.redfin.com/IL/Chicago/101-W-Superior-St-60654/unit-905/home/12638560,MRED,11883634,N,Y,41.8954259,-87.6317101
MLS Listing,,Condo/Co-op,516 W Oakdale Ave Unit 3E,Chicago,IL,60657,750000,3,2.0,CHI - Lake View,1600,,2003,17,469,480,Active,,,https://www.redfin.com/IL/Chicago/516-W-Oakdale-Ave-60657/unit-3E/home/12741424,MRED,11891737,N,Y,41.9357871,-87.6425787
MLS Listing,,Condo/Co-op,1450 N Fairfield Ave Unit 3R,Chicago,IL,60622,225000,2,1.0,CHI - West Town,950,,2003,18,237,137,Active,,,https://www.redfin.com/IL/Chicago/1450-N-Fairfield-Ave-60622/unit-3R/home/18917855,MRED,11885851,N,Y,41.9080844,-87.6960676
MLS Listing,,Condo/Co-op,848 W Erie St #2,Chicago,IL,60642,514000,2,2.0,CHI - West Town,,,2010,18,,115,Active,,,https://www.redfin.com/IL/Chicago/848-W-Erie-St-60642/unit-2/home/45508051,MRED,11885440,N,Y,41.8936162,-87.6495302
MLS Listing,,Condo/Co-op,1503 S State St #501,Chicago,IL,60605,319000,2,2.0,CHI - Near South Side,1200,,2004,18,266,543,Active,,,https://www.redfin.com/IL/Chicago/1503-S-State-St-60605/unit-501/home/23026068,MRED,11891458,N,Y,41.8618165,-87.6270372
MLS Listing,,Multi-Family (2-4 Unit),2500 N Mozart St,Chicago,IL,60647,1424900,6,5.5,CHI - Logan Square,,,1909,18,,,Active,,,https://www.redfin.com/IL/Chicago/2500-N-Mozart-St-60647/home/13450194,MRED,11891450,N,Y,41.9267365,-87.6989904
MLS Listing,,Condo/Co-op,5417 S Melvina Ave #10,Chicago,IL,60638,259000,2,2.0,CHI - Garfield Ridge,,,2000,18,,300,Active,,,https://www.redfin.com/IL/Chicago/5417-S-Melvina-Ave-60638/unit-10/home/144936124,MRED,11880550,N,Y,41.7938079,-87.7766914
MLS Listing,,Condo/Co-op,2524 N Willetts Ct Unit 1LN,Chicago,IL,60647,259900,1,1.0,CHI - Logan Square,750,,2007,18,347,234,Active,,,https://www.redfin.com/IL/Chicago/2524-N-Willetts-Ct-60647/unit-1LN/home/183730643,MRED,11890118,N,Y,41.9274554,-87.7033377
MLS Listing,,Vacant Land,11353 S Forest Ave,Chicago,IL,60628,24900,,,CHI - Roseland,,,,18,,,Active,,,https://www.redfin.com/IL/Chicago/11353-S-Forest-Ave-60628/home/13061624,MRED,11888172,N,Y,41.6875659,-87.615311
MLS Listing,,Single Family Residential,3336 W Crystal St,Chicago,IL,60651,415000,3,1.0,CHI - Humboldt Park,,3101,1890,19,,,Active,,,https://www.redfin.com/IL/Chicago/3336-W-Crystal-St-60651/home/13286531,MRED,11889119,N,Y,41.9039051,-87.7107085
MLS Listing,,Townhouse,1646 W Julian St Unit B,Chicago,IL,60622,699000,3,2.5,CHI - West Town,2400,,1993,19,291,113,Active,,,https://www.redfin.com/IL/Chicago/1646-W-Julian-St-60622/unit-B/home/14108414,MRED,11889862,N,Y,41.9085293,-87.6694571
MLS Listing,,Condo/Co-op,2337 W Harrison St #4,Chicago,IL,60612,263900,2,2.0,CHI - Near West Side,,,2003,20,,250,Active,,,https://www.redfin.com/IL/Chicago/2337-W-Harrison-St-60612/unit-4/home/22871686,MRED,11888838,N,Y,41.8737058,-87.6853291
MLS Listing,,Condo/Co-op,4216 S Ellis Ave Unit 3S,Chicago,IL,60653,549999,4,4.0,CHI - Oakland,3500,,2016,20,157,320,Active,,,https://www.redfin.com/IL/Chicago/4216-S-Ellis-Ave-60653/unit-3S/home/144510582,MRED,11889159,N,Y,41.8174267,-87.6022424
MLS Listing,,Single Family Residential,915 W 123rd St,Calumet Park,IL,60827,189900,4,2.0,Calumet Park,1400,4329,1913,20,136,,Active,,,https://www.redfin.com/IL/Calumet-Park/915-W-123rd-St-60827/home/13051142,MRED,11888919,N,Y,41.6703091,-87.6449776
MLS Listing,,Condo/Co-op,125 S Jefferson St #2408,Chicago,IL,60661,265000,1,1.0,CHI - Near West Side,780,,2003,24,340,580,Active,,,https://www.redfin.com/IL/Chicago/125-S-Jefferson-St-60661/unit-2408/home/12679364,MRED,11884131,N,Y,41.879941,-87.6421575
MLS Listing,,Condo/Co-op,10 E Ontario St #1602,Chicago,IL,60611,309000,1,1.0,CHI - Near North Side,995,,1981,24,311,757,Active,,,https://www.redfin.com/IL/Chicago/10-E-Ontario-St-60611/unit-1602/home/12620528,MRED,11886650,N,Y,41.8934976,-87.6277186
MLS Listing,,Condo/Co-op,3110 N Sheridan Rd #1902,Chicago,IL,60657,174000,1,1.0,CHI - Lake View,,,1965,24,,670,Active,,,https://www.redfin.com/IL/Chicago/3110-N-Sheridan-Rd-60657/unit-1902/home/13372488,MRED,11884734,N,Y,41.9383046,-87.6398248
MLS Listing,,Multi-Family (5+ Unit),3259 W 62nd Pl,Chicago,IL,60629,1150000,24,12.0,CHI - Chicago Lawn,,7993,1923,24,,,Active,,,https://www.redfin.com/IL/Chicago/3259-W-62nd-Pl-60629/home/14008338,MRED,11886436,N,Y,41.7797194,-87.7052829
MLS Listing,,Condo/Co-op,1446 W Chestnut St #2,Chicago,IL,60642,664900,3,2.0,CHI - West Town,1700,,2020,24,391,142,Active,,,https://www.redfin.com/IL/Chicago/1446-W-Chestnut-St-60642/unit-2/home/169505079,MRED,11886465,N,Y,41.8981708,-87.6643066
MLS Listing,,Condo/Co-op,1110 N Lake Shore Dr Unit 4N,Chicago,IL,60611,410000,3,2.5,CHI - Near North Side,2122,,1969,25,193,2540,Active,,,https://www.redfin.com/IL/Chicago/1110-N-Lake-Shore-Dr-60611/unit-4N/home/14122746,MRED,11885446,N,Y,41.9028792,-87.6249697
MLS Listing,,Single Family Residential,3009 N Newland Ave,Chicago,IL,60634,399900,4,3.5,CHI - Montclare,1190,,1968,25,336,,Active,,,https://www.redfin.com/IL/Chicago/3009-N-Newland-Ave-60634/home/13435309,MRED,11885328,N,Y,41.9347955,-87.7989839
MLS Listing,,Condo/Co-op,1528 S Wabash Ave #401,Chicago,IL,60605,275000,2,1.0,CHI - Near South Side,1180,,1914,25,233,672,Active,,,https://www.redfin.com/IL/Chicago/1528-S-Wabash-Ave-60605/unit-401/home/12694156,MRED,11885219,N,Y,41.8609592,-87.6260054
MLS Listing,,Condo/Co-op,1417 W Grand Ave Unit 2NE,Chicago,IL,60642,555000,2,2.5,CHI - West Town,1500,,2003,26,370,285,Active,,,https://www.redfin.com/IL/Chicago/1417-W-Grand-Ave-60642/unit-2NE/home/12669025,MRED,11877809,N,Y,41.8908693,-87.6629738
MLS Listing,,Condo/Co-op,2235 W Maypole Ave #303,Chicago,IL,60612,260000,2,2.0,Westhaven Park,1290,,2006,26,202,373,Active,,,https://www.redfin.com/IL/Chicago/2235-W-Maypole-Ave-60612/unit-303/home/52634678,MRED,11866822,N,Y,41.8836823,-87.682894
MLS Listing,,Condo/Co-op,1415 N Dearborn St Unit 21B,Chicago,IL,60610,289999,2,2.0,CHI - Near North Side,1300,,1973,28,223,1264,Active,,,https://www.redfin.com/IL/Chicago/1415-N-Dearborn-St-60610/unit-21B/home/14114779,MRED,11879459,N,Y,41.9082511,-87.6297466
MLS Listing,,Condo/Co-op,400 W Huron St #1002,Chicago,IL,60654,1499900,3,2.5,CHI - Near North Side,2200,,2017,28,682,2359,Active,,,https://www.redfin.com/IL/Chicago/400-W-Huron-St-60654/unit-1002/home/113165022,MRED,11882055,N,Y,41.8949755,-87.6387316
MLS Listing,,Condo/Co-op,1872 N Clybourn Ave #110,Chicago,IL,60614,469900,2,1.5,Clybourn Lofts,,,1901,31,,702,Active,,,https://www.redfin.com/IL/Chicago/1872-N-Clybourn-Ave-60614/unit-110/home/13350915,MRED,11880966,N,Y,41.915025,-87.655973
MLS Listing,,Single Family Residential,5009 N Melvina Ave,Chicago,IL,60630,425000,5,2.0,CHI - Jefferson Park,,3920,1956,32,,,Active,,,https://www.redfin.com/IL/Chicago/5009-N-Melvina-Ave-60630/home/13502602,MRED,11879521,N,Y,41.9724004,-87.7827967
MLS Listing,,Condo/Co-op,230 W Division St #702,Chicago,IL,60610,450000,2,2.0,Venetian,1300,,2001,32,346,842,Active,,,https://www.redfin.com/IL/Chicago/230-W-Division-St-60610/unit-702/home/12650713,MRED,11873490,N,Y,41.9040532,-87.6357004
MLS Listing,,Condo/Co-op,1371 W Crystal St Unit C,Chicago,IL,60642,339900,2,2.0,CHI - West Town,1200,,,32,283,164,Active,,,https://www.redfin.com/IL/Chicago/1371-W-Crystal-St-60642/unit-C/home/12564575,MRED,11847028,N,Y,41.9042639,-87.6621131
MLS Listing,,Townhouse,3466 W Belmont Ave Unit N,Chicago,IL,60618,414900,2,2.0,CHI - Avondale,1565,,2001,33,265,300,Active,,,https://www.redfin.com/IL/Chicago/3466-W-Belmont-Ave-60618/unit-N/home/12745329,MRED,11871107,N,Y,41.9393899,-87.7151588
MLS Listing,,Condo/Co-op,1800 W Grace St #325,Chicago,IL,60613,460000,2,2.0,CHI - North Center,1215,,2008,33,379,636,Active,,,https://www.redfin.com/IL/Chicago/1800-W-Grace-St-60613/unit-325/home/21669900,MRED,11878369,N,Y,41.9507284,-87.6742115
MLS Listing,,Condo/Co-op,340 W Superior St #804,Chicago,IL,60654,599900,2,2.0,CHI - Near North Side,1530,,2002,33,392,1255,Active,,,https://www.redfin.com/IL/Chicago/340-W-Superior-St-60654/unit-804/home/12680969,MRED,11871229,N,Y,41.8957828,-87.6377203
MLS Listing,,Condo/Co-op,3033 N Clybourn Ave #1,Chicago,IL,60618,749000,4,3.5,CHI - North Center,2770,,2018,34,270,232,Active,,,https://www.redfin.com/IL/Chicago/3033-N-Clybourn-Ave-60618/unit-1/home/13359508,MRED,11873355,N,Y,41.93685,-87.6840096
MLS Listing,,Condo/Co-op,2 E Erie St #2605,Chicago,IL,60611,484900,2,2.0,CHI - Near North Side,1295,,1999,34,374,979,Active,,,https://www.redfin.com/IL/Chicago/2-E-Erie-St-60611/unit-2605/home/12607722,MRED,11877415,N,Y,41.8943685,-87.6275053
MLS Listing,,Single Family Residential,3900 W Montrose Ave,Chicago,IL,60618,534000,5,4.0,CHI - Albany Park,2000,4138,1910,34,267,,Active,,,https://www.redfin.com/IL/Chicago/3900-W-Montrose-Ave-60618/home/13486508,MRED,11832483,N,Y,41.9611712,-87.7255787
MLS Listing,,Condo/Co-op,260 E Chestnut St #1208,Chicago,IL,60611,165000,0,1.0,Plaza on DeWitt,560,,1963,41,295,464,Active,,,https://www.redfin.com/IL/Chicago/260-E-Chestnut-St-60611/unit-1208/home/14118401,MRED,11869928,N,Y,41.8985263,-87.6196672
MLS Listing,,Single Family Residential,9368 S Longwood Dr,Chicago,IL,60643,629900,4,3.5,CHI - Beverly,3355,8494,1905,41,188,,Active,,,https://www.redfin.com/IL/Chicago/9368-S-Longwood-Dr-60643/home/13100165,MRED,11866319,N,Y,41.7234119,-87.6686121
MLS Listing,,Condo/Co-op,2403 W Berenice Ave #201,Chicago,IL,60618,575000,3,2.0,CHI - North Center,,,2019,42,,345,Active,,,https://www.redfin.com/IL/Chicago/2403-W-Berenice-Ave-60618/unit-201/home/185268096,MRED,11871343,N,Y,41.9511881,-87.6886895
MLS Listing,,Townhouse,1541 W Henderson St Unit O,Chicago,IL,60657,775000,3,2.5,CHI - Lake View,2340,,1996,42,331,531,Active,,,https://www.redfin.com/IL/Chicago/1541-W-Henderson-St-60657/unit-O/home/13382286,MRED,11870977,N,Y,41.9420329,-87.6680149
MLS Listing,,Condo/Co-op,221 E Cullerton St #616,Chicago,IL,60616,265000,1,1.0,Prairie Avenue Lofts,950,,2001,45,279,422,Active,,,https://www.redfin.com/IL/Chicago/221-E-Cullerton-St-60616/unit-616/home/12707899,MRED,11867476,N,Y,41.8553079,-87.6210253
MLS Listing,,Condo/Co-op,3242 N Milwaukee Ave Unit 4N,Chicago,IL,60618,599900,3,2.0,CHI - Avondale,1850,,2010,46,324,250,Active,,,https://www.redfin.com/IL/Chicago/3242-N-Milwaukee-Ave-60618/unit-4N/home/88575917,MRED,11866452,N,Y,41.9398362,-87.7255155
MLS Listing,,Condo/Co-op,653 N Kingsbury St #704,Chicago,IL,60654,1395000,3,3.0,CHI - Near North Side,2000,,2001,46,698,1690,Active,,,https://www.redfin.com/IL/Chicago/653-N-Kingsbury-St-60654/unit-704/home/12677309,MRED,11868961,N,Y,41.893666,-87.641324
MLS Listing,,Condo/Co-op,3000 N Hoyne Ave #1,Chicago,IL,60618,489000,3,2.0,CHI - North Center,,,1892,46,,170,Active,,,https://www.redfin.com/IL/Chicago/3000-N-Hoyne-Ave-60618/unit-1/home/12716382,MRED,11866991,N,Y,41.9360452,-87.6808297
MLS Listing,,Condo/Co-op,225 S Sangamon St #305,Chicago,IL,60607,314900,1,1.0,CHI - Near West Side,885,,2007,48,356,415,Active,,,https://www.redfin.com/IL/Chicago/225-S-Sangamon-St-60607/unit-305/home/52638473,MRED,11862948,N,Y,41.8782525,-87.6504831
MLS Listing,,Condo/Co-op,125 E 13th St #1003,Chicago,IL,60605,399900,2,2.0,Museum Park Lofts,,,2005,52,,542,Active,,,https://www.redfin.com/IL/Chicago/125-E-13th-St-60605/unit-1003/home/12637702,MRED,11860892,N,Y,41.8655862,-87.62288
MLS Listing,,Single Family Residential,1035 W 92nd Pl,Chicago,IL,60620,289900,5,2.5,CHI - Washington Heights,1986,3750,1926,53,146,,Active,,,https://www.redfin.com/IL/Chicago/1035-W-92nd-Pl-60620/home/186780933,MRED,11860965,N,Y,41.7257021,-87.6495795
MLS Listing,,Single Family Residential,3504 W Medill Ave,Chicago,IL,60647,710000,4,3.5,CHI - Logan Square,2523,,1890,53,281,,Active,,,https://www.redfin.com/IL/Chicago/3504-W-Medill-Ave-60647/home/13420950,MRED,11861896,N,Y,41.9239162,-87.7140939
MLS Listing,,Townhouse,1435 S Prairie Ave Unit K,Chicago,IL,60605,525000,2,2.5,CHI - Near South Side,,,2000,59,,387,Active,,,https://www.redfin.com/IL/Chicago/1435-S-Prairie-Ave-60605/unit-K/home/172107314,MRED,11858060,N,Y,41.86374,-87.620693
MLS Listing,,Condo/Co-op,900 W Jackson Blvd Unit 7W,Chicago,IL,60607,799000,3,1.5,CHI - Near West Side,2300,,1905,60,347,963,Active,,,https://www.redfin.com/IL/Chicago/900-W-Jackson-Blvd-60607/unit-7W/home/186274653,MRED,11853559,N,Y,41.8780558,-87.6499
MLS Listing,,Condo/Co-op,757 N Orleans St #811,Chicago,IL,60654,479900,2,2.0,CHI - Near North Side,1248,,2008,63,385,665,Active,,,https://www.redfin.com/IL/Chicago/757-N-Orleans-St-60654/unit-811/home/52637338,MRED,11853660,N,Y,41.8963014,-87.6365635
MLS Listing,,Single Family Residential,7125 S Michigan Ave,Chicago,IL,60619,275000,4,3.0,CHI - Greater Grand Crossing,2241,5331,1908,66,123,,Active,,,https://www.redfin.com/IL/Chicago/7125-S-Michigan-Ave-60619/home/13920568,MRED,11834283,N,Y,41.7648218,-87.621361
MLS Listing,,Townhouse,1001 S Plymouth Ct Unit A,Chicago,IL,60605,579900,3,2.5,CHI - Loop,1800,,1980,66,322,430,Active,,,https://www.redfin.com/IL/Chicago/1001-S-Plymouth-Ct-60605/unit-A/home/14090734,MRED,11849010,N,Y,41.869628,-87.6277476
MLS Listing,,Condo/Co-op,4914 S Drexel Blvd Unit 2W,Chicago,IL,60615,165000,2,1.0,CHI - Kenwood,1200,,1922,67,138,558,Active,,,https://www.redfin.com/IL/Chicago/4914-S-Drexel-Blvd-60615/unit-2W/home/21784318,MRED,11849788,N,Y,41.8053822,-87.6044885
MLS Listing,,Condo/Co-op,60 E Monroe St #3905,Chicago,IL,60603,489000,1,1.0,CHI - Loop,,,2006,68,,701,Active,,,https://www.redfin.com/IL/Chicago/60-E-Monroe-St-60603/unit-3905/home/45512060,MRED,11848519,N,Y,41.8809978,-87.6256565
MLS Listing,,Single Family Residential,1518 E 73rd Pl,Chicago,IL,60619,384900,5,2.0,CHI - South Shore,1880,5227,1923,69,205,,Active,,,https://www.redfin.com/IL/Chicago/1518-E-73rd-Pl-60619/home/12598629,MRED,11840570,N,Y,41.761747,-87.587689
MLS Listing,,Condo/Co-op,3051 W Armitage Ave Unit 3W,Chicago,IL,60647,580000,3,2.0,CHI - Logan Square,1573,,2019,75,369,211,Active,,,https://www.redfin.com/IL/Chicago/3051-W-Armitage-Ave-60647/unit-3W/home/178526247,MRED,11842856,N,Y,41.9172019,-87.7043679
MLS Listing,,Single Family Residential,3327 W Glenlake Ave,Chicago,IL,60659,1199000,6,4.5,CHI - North Park,3800,8276,1946,76,316,,Active,,,https://www.redfin.com/IL/Chicago/3327-W-Glenlake-Ave-60659/home/13516913,MRED,11807188,N,Y,41.991859,-87.7125194
MLS Listing,,Vacant Land,941 N Racine Ave,Chicago,IL,60642,500000,,,CHI - West Town,,2500,,87,,,Active,,,https://www.redfin.com/IL/Chicago/941-N-Racine-Ave-60642/home/45516477,MRED,11829298,N,Y,41.8987199,-87.6573203
MLS Listing,,Single Family Residential,7918 S Troy St,Chicago,IL,60652,235000,3,2.0,CHI - Ashburn,1125,5000,1955,94,209,,Active,,,https://www.redfin.com/IL/Chicago/7918-S-Troy-St-60652/home/13964949,MRED,11817338,N,Y,41.7491025,-87.7014576
MLS Listing,,Condo/Co-op,840 N Lake Shore Dr #1803,Chicago,IL,60611,2350000,3,3.5,CHI - Near North Side,3200,,2003,95,734,3460,Active,,,https://www.redfin.com/IL/Chicago/840-N-Lake-Shore-Dr-60611/unit-1803/home/12681894,MRED,11798605,N,Y,41.8979713,-87.6180674
MLS Listing,,Condo/Co-op,400 N La Salle Dr #1112,Chicago,IL,60654,287500,1,1.0,CHI - Near North Side,723,,2003,96,398,483,Active,,,https://www.redfin.com/IL/Chicago/400-N-La-Salle-Dr-60654/unit-1112/home/12620950,MRED,11823017,N,Y,41.8897707,-87.6329244
MLS Listing,,Condo/Co-op,111 W Maple St #1802,Chicago,IL,60610,495000,2,2.0,CHI - Near North Side,1250,,1989,108,396,933,Active,,,https://www.redfin.com/IL/Chicago/111-W-Maple-St-60610/unit-1802/home/12792483,MRED,11813204,N,Y,41.9016475,-87.6318546
MLS Listing,,Condo/Co-op,653 N Kingsbury St #703,Chicago,IL,60654,749000,3,3.0,CHI - Near North Side,2100,,2004,119,357,1747,Active,,,https://www.redfin.com/IL/Chicago/653-N-Kingsbury-St-60654/unit-703/home/12671358,MRED,11793388,N,Y,41.893666,-87.641324
MLS Listing,,Multi-Family (2-4 Unit),1539 N Kolin Ave,Chicago,IL,60651,450000,6,3.0,CHI - Humboldt Park,,3049,1914,125,,,Active,,,https://www.redfin.com/IL/Chicago/1539-N-Kolin-Ave-60651/home/183050933,MRED,11801086,N,Y,41.9088056,-87.7347993
MLS Listing,,Single Family Residential,325 W 102nd St,Chicago,IL,60628,225000,4,2.0,CHI - Roseland,1121,3101,1966,150,201,,Active,,,https://www.redfin.com/IL/Chicago/325-W-102nd-St-60628/home/13088295,MRED,11774143,N,Y,41.708673,-87.6318008
MLS Listing,,Single Family Residential,8840 S Mozart Ave,Evergreen Park,IL,60805,240000,2,1.0,Evergreen Park,629,3125,1938,173,382,,Active,,,https://www.redfin.com/IL/Evergreen-Park/8840-S-Mozart-Ave-60805/home/13187947,MRED,11762787,N,Y,41.7323056,-87.6937519
MLS Listing,,Condo/Co-op,550 N Saint Clair St #1406,Chicago,IL,60611,364900,1,1.0,CHI - Near North Side,850,,2008,201,429,595,Active,,,https://www.redfin.com/IL/Chicago/550-N-Saint-Clair-St-60611/unit-1406/home/45508350,MRED,11738049,N,Y,41.8922991,-87.6229169
MLS Listing,,Condo/Co-op,3256 W Polk St Unit 3E,Chicago,IL,60624,164900,2,1.0,CHI - East Garfield Park,816,,1911,219,202,294,Active,,,https://www.redfin.com/IL/Chicago/3256-W-Polk-St-60624/unit-3E/home/146001186,MRED,11723006,N,Y,41.8711512,-87.7080632
MLS Listing,,Condo/Co-op,3836 W Lexington St #1,Chicago,IL,60624,100000,4,1.0,CHI - West Garfield Park,1200,,1904,327,83,,Active,,,https://www.redfin.com/IL/Chicago/3836-W-Lexington-St-60624/unit-1/home/13256848,MRED,11645555,N,Y,41.8719439,-87.7218811
Redfin Data,,Single Family Residential,4324 W 78th St,Chicago,IL,60652,274900,3,1.5,Chicago,1081,5226,1955,3,254,,Pre On-Market,,,https://www.redfin.com/IL/Chicago/4324-W-78th-St-60652/home/13980904,Coming Soon,95267,N,Y,41.7518649,-87.7302539
Redfin Data,,Condo/Co-op,7442 N Hermitage Ave Unit 1J,Chicago,IL,60626,279000,3,2.0,Chicago,1510,,1948,3,185,373,Pre On-Market,,,https://www.redfin.com/IL/Chicago/7442-N-Hermitage-Ave-60626/unit-1J/home/176999700,Coming Soon,95268,N,Y,42.0172019,-87.6740429
Redfin Data,,Condo/Co-op,1850 N Clark St #2803,Chicago,IL,60614,359000,2,2.0,Chicago,1100,,1968,5,326,1127,Pre On-Market,,,https://www.redfin.com/IL/Chicago/1850-N-Clark-St-60614/unit-2803/home/13345202,Coming Soon,95226,N,Y,41.9162763,-87.6350284
Redfin Data,,Single Family Residential,5713 W Leland Ave,Chicago,IL,60630,399000,3,3.0,Chicago,1870,4000,1921,21,213,,Pre On-Market,,,https://www.redfin.com/IL/Chicago/5713-W-Leland-Ave-60630/home/13475219,Coming Soon,94972,N,Y,41.9657225,-87.7705157
Redfin Data,,Single Family Residential,2824 N Springfield Ave,Chicago,IL,60618,799900,7,2.5,Chicago,1900,3876,1950,96,421,,Pre On-Market,,,https://www.redfin.com/IL/Chicago/2824-N-Springfield-Ave-60618/home/13448001,Coming Soon,93627,N,Y,41.9325901,-87.7248069
MLS Listing,,Condo/Co-op,3215 W Altgeld St Unit 3215-1,Chicago,IL,60647,425000,3,2.5,CHI - Logan Square,,,,1,,332,Active,,,https://www.redfin.com/IL/Chicago/3215-W-Altgeld-St-60647/unit-3215-1/home/187898128,MRED,11904649,N,Y,41.926444,-87.7083417
MLS Listing,,Single Family Residential,3601 N Sacramento Ave,Chicago,IL,60618,495000,5,3.0,CHI - Irving Park,1877,4499,1908,1,264,,Active,,,https://www.redfin.com/IL/Chicago/3601-N-Sacramento-Ave-60618/home/13452659,MRED,11904772,N,Y,41.9468556,-87.7026164
MLS Listing,,Multi-Family (2-4 Unit),1425 S Karlov Ave,Chicago,IL,60624,424900,9,3.0,CHI - North Lawndale,,6098,2011,1,,,Active,,,https://www.redfin.com/IL/Chicago/1425-S-Karlov-Ave-60623/home/45510978,MRED,11904788,N,Y,41.8616982,-87.7271315
MLS Listing,,Condo/Co-op,6246 N Pulaski Rd #303,Chicago,IL,60646,410000,2,2.0,CHI - Forest Glen,1388,,2023,1,295,375,Active,,,https://www.redfin.com/IL/Chicago/6246-N-Pulaski-Rd-60646/unit-303/home/186216784,MRED,11904783,N,Y,41.9950745,-87.7292347
MLS Listing,,Multi-Family (2-4 Unit),1423 S Karlov Ave,Chicago,IL,60624,424900,9,3.0,CHI - North Lawndale,,6098,2011,1,,,Active,,,https://www.redfin.com/IL/Chicago/1423-S-Karlov-Ave-60623/home/13236252,MRED,11904786,N,Y,41.8617628,-87.7271367
MLS Listing,,Single Family Residential,7029 S Wabash Ave,Chicago,IL,60637,240000,3,2.0,CHI - Greater Grand Crossing,2000,,1905,1,120,,Active,,,https://www.redfin.com/IL/Chicago/7029-S-Wabash-Ave-60637/home/13930127,MRED,11904778,N,Y,41.7665137,-87.6229379
MLS Listing,,Multi-Family (2-4 Unit),2246 N Lockwood Ave,Chicago,IL,60639,443900,6,3.0,CHI - Belmont Cragin,,3750,1924,1,,,Active,,,https://www.redfin.com/IL/Chicago/2246-N-Lockwood-Ave-60639/home/13425950,MRED,11901527,N,Y,41.921813,-87.7588099
MLS Listing,,Single Family Residential,1805 N Sedgwick St,Chicago,IL,60614,3700000,6,6.5,CHI - Lincoln Park,6000,3024,1888,1,617,,Active,,,https://www.redfin.com/IL/Chicago/1805-N-Sedgwick-St-60614/home/13345765,MRED,11871192,N,Y,41.9148915,-87.6384665
MLS Listing,,Condo/Co-op,118 E Erie St Unit 28F,Chicago,IL,60611,1499000,2,2.5,CHI - Near North Side,1937,,2012,1,774,2910,Active,,,https://www.redfin.com/IL/Chicago/118-E-Erie-St-60611/unit-28F/home/113099256,MRED,11904770,N,Y,41.894296,-87.6246389
MLS Listing,,Single Family Residential,3410 S Carpenter St,Chicago,IL,60608,549999,4,3.0,CHI - Bridgeport,2200,3125,1890,1,250,,Active,,,https://www.redfin.com/IL/Chicago/3410-S-Carpenter-St-60608/home/14075114,MRED,11899140,N,Y,41.8323532,-87.6524667
MLS Listing,,Single Family Residential,7321 S Kimbark Ave,Chicago,IL,60619,139900,4,1.5,CHI - South Shore,1452,3149,1884,1,96,,Active,,,https://www.redfin.com/IL/Chicago/7321-S-Kimbark-Ave-60619/home/13922155,MRED,11904711,N,Y,41.7616205,-87.5930804
MLS Listing,,Single Family Residential,7726 S Wabash Ave,Chicago,IL,60619,329900,5,2.0,CHI - Greater Grand Crossing,1400,8529,,1,236,,Active,,,https://www.redfin.com/IL/Chicago/7726-S-Wabash-Ave-60619/home/13918230,MRED,11904483,N,Y,41.7537943,-87.6234489
MLS Listing,,Single Family Residential,3324 W 114th St,Chicago,IL,60655,179900,4,2.0,CHI - Mount Greenwood,1494,3900,1905,1,120,,Active,,,https://www.redfin.com/IL/Chicago/3324-W-114th-St-60655/home/13135576,MRED,11904692,N,Y,41.6867671,-87.7041535
MLS Listing,,Single Family Residential,3923 N Paulina St,Chicago,IL,60613,1600000,5,3.5,CHI - Lake View,3900,2904,2013,1,410,,Active,,,https://www.redfin.com/IL/Chicago/3923-N-Paulina-St-60613/home/45483990,MRED,11904426,N,Y,41.9531592,-87.6711283
MLS Listing,,Vacant Land,4944 N Austin Ave,Chicago,IL,60630,174900,,,CHI - Jefferson Park,,3484,,1,,,Active,,,https://www.redfin.com/IL/Chicago/4944-N-Austin-Ave-60630/home/22726016,MRED,11904743,N,Y,41.971116,-87.7784909
MLS Listing,,Condo/Co-op,888 S Michigan Ave #300,Chicago,IL,60605,715000,3,2.0,CHI - Loop,,,1914,1,,1231,Active,,,https://www.redfin.com/IL/Chicago/888-S-Michigan-Ave-60605/unit-300/home/171321937,MRED,11904750,N,Y,41.8707053,-87.624488
MLS Listing,,Condo/Co-op,7234 W North Ave #912,Elmwood Park,IL,60707,130000,1,1.0,Cameo Tower,,,1976,1,,436,Active,,,https://www.redfin.com/IL/Elmwood-Park/7234-W-North-Ave-60707/unit-912/home/13521670,MRED,11904751,N,Y,41.9091423,-87.8077989
MLS Listing,,Vacant Land,4946 N Austin Ave,Chicago,IL,60630,174900,,,CHI - Jefferson Park,,3484,,1,,,Active,,,https://www.redfin.com/IL/Chicago/4946-N-Austin-Ave-60630/home/22726017,MRED,11904752,N,Y,41.9716705,-87.7786197
MLS Listing,,Condo/Co-op,7631 N Greenview Ave Unit G,Chicago,IL,60626,199000,3,2.0,Greenview Terrace,1470,,1920,1,135,455,Active,,,https://www.redfin.com/IL/Chicago/7631-N-Greenview-Ave-60626/unit-G/home/12661895,MRED,11904741,N,Y,42.0202602,-87.6677798
MLS Listing,,Condo/Co-op,860 W Blackhawk St #702,Chicago,IL,60642,650000,2,2.0,CHI - Near North Side,1416,,2009,1,459,851,Active,,,https://www.redfin.com/IL/Chicago/860-W-Blackhawk-St-60642/unit-702/home/39547855,MRED,11904578,N,Y,41.9088162,-87.6505601
MLS Listing,,Condo/Co-op,2405 N Orchard St #3,Chicago,IL,60614,369000,2,2.0,CHI - Lincoln Park,,,1921,1,,246,Active,,,https://www.redfin.com/IL/Chicago/2405-N-Orchard-St-60614/unit-3/home/12651744,MRED,11904737,N,Y,41.9257402,-87.6461001
MLS Listing,,Condo/Co-op,1235 S Prairie Ave #602,Chicago,IL,60605,499000,2,2.0,CHI - Near South Side,1350,,2006,1,370,680,Active,October-14-2023 12:00 PM,October-14-2023 02:00 PM,https://www.redfin.com/IL/Chicago/1235-S-Prairie-Ave-60605/unit-602/home/18927878,MRED,11904706,N,Y,41.8661749,-87.6213375
MLS Listing,,Condo/Co-op,437 W Division St #307,Chicago,IL,60610,290000,1,1.0,CHI - Near North Side,853,,2008,1,340,534,Active,,,https://www.redfin.com/IL/Chicago/437-W-Division-St-60610/unit-307/home/17357278,MRED,11904729,N,Y,41.9034475,-87.6394341
MLS Listing,,Condo/Co-op,5656 N Maplewood Ave #1,Chicago,IL,60659,216000,2,1.0,CHI - West Ridge,874,,,1,247,211,Active,October-14-2023 12:00 PM,October-14-2023 02:00 PM,https://www.redfin.com/IL/Chicago/5656-N-Maplewood-Ave-60659/unit-1/home/26804385,MRED,11904681,N,Y,41.9847782,-87.6934392
MLS Listing,,Townhouse,335 W 42nd St,Chicago,IL,60609,219000,3,1.0,CHI - Fuller Park,1134,,1964,1,193,,Active,,,https://www.redfin.com/IL/Chicago/335-W-42nd-St-60609/home/12783721,MRED,11904730,N,Y,41.8179739,-87.6350189
MLS Listing,,Condo/Co-op,1622 W Grace St #1,Chicago,IL,60613,294000,2,1.0,CHI - Lake View,,,2006,1,,566,Active,October-14-2023 11:00 AM,October-14-2023 01:00 PM,https://www.redfin.com/IL/Chicago/1622-W-Grace-St-60613/unit-1/home/21831509,MRED,11899280,N,Y,41.9508886,-87.6699707
MLS Listing,,Multi-Family (2-4 Unit),3100 N Leclaire Ave,Chicago,IL,60641,662000,9,6.0,CHI - Belmont Cragin,,3750,1926,1,,,Active,,,https://www.redfin.com/IL/Chicago/3100-N-Leclaire-Ave-60641/home/184005392,MRED,11904704,N,Y,41.937149,-87.7543635
MLS Listing,,Condo/Co-op,1440 N Lake Shore Dr Unit 12E,Chicago,IL,60610,519000,2,2.0,CHI - Near North Side,1515,,1965,1,343,1587,Active,,,https://www.redfin.com/IL/Chicago/1440-N-Lake-Shore-Dr-60610/unit-12E/home/14125176,MRED,11904688,N,Y,41.9089622,-87.6266981
MLS Listing,,Single Family Residential,2242 N Wayne Ave,Chicago,IL,60614,3899900,4,4.5,CHI - Lincoln Park,5300,5952,2011,1,736,,Active,,,https://www.redfin.com/IL/Chicago/2242-N-Wayne-Ave-60614/home/17557179,MRED,11904523,N,Y,41.9229121,-87.6622648
MLS Listing,,Condo/Co-op,4718 S Saint Lawrence Ave #1,Chicago,IL,60615,247000,3,1.5,CHI - Grand Boulevard,2000,,1904,1,124,332,Active,October-15-2023 12:00 PM,October-15-2023 02:00 PM,https://www.redfin.com/IL/Chicago/4718-S-Saint-Lawrence-Ave-60615/unit-1/home/12706047,MRED,11904485,N,Y,41.808791,-87.6117954
MLS Listing,,Condo/Co-op,4324 N Dayton St Unit I,Chicago,IL,60613,559000,3,2.0,CHI - Uptown,1718,,1989,1,325,350,Active,October-14-2023 01:00 PM,October-14-2023 03:00 PM,https://www.redfin.com/IL/Chicago/4324-N-Dayton-St-60613/unit-I/home/13393367,MRED,11897294,N,Y,41.9612354,-87.6515044
MLS Listing,,Vacant Land,4546 S Cottage Grove Ave,Chicago,IL,60653,400000,,,CHI - Grand Boulevard,,29185,,1,,,Active,,,https://www.redfin.com/IL/Chicago/4546-S-Cottage-Grove-Ave-60653/home/84695537,MRED,11875147,N,Y,41.811822,-87.607118
MLS Listing,,Condo/Co-op,2444 W Madison St #3,Chicago,IL,60612,308000,3,2.0,CHI - Near West Side,,,2007,1,,307,Active,,,https://www.redfin.com/IL/Chicago/2444-W-Madison-St-60612/unit-3/home/18935750,MRED,11904320,N,Y,41.8813579,-87.6882526
MLS Listing,,Condo/Co-op,340 E Randolph St #302,Chicago,IL,60601,429000,1,1.5,CHI - Loop,1281,,2005,1,335,691,Active,,,https://www.redfin.com/IL/Chicago/340-E-Randolph-St-60601/unit-302/home/26814943,MRED,11904575,N,Y,41.8847771,-87.6190621
MLS Listing,,Multi-Family (5+ Unit),7109 N Western Ave N,Chicago,IL,60645,899900,4,4.0,CHI - West Ridge,,4850,1981,1,,,Active,,,https://www.redfin.com/IL/Chicago/7109-N-Western-Ave-60645/home/13571217,MRED,11904205,N,Y,42.0113035,-87.6899514
MLS Listing,,Townhouse,5300 W Foster Ave,Chicago,IL,60630,320000,2,1.0,CHI - Jefferson Park,1076,3750,1947,1,297,,Active,,,https://www.redfin.com/IL/Chicago/5300-W-Foster-Ave-60630/home/13498569,MRED,11903938,N,Y,41.9753947,-87.7604493
MLS Listing,,Single Family Residential,4851 N Springfield Ave,Chicago,IL,60625,609000,5,3.0,CHI - Albany Park,,3938,1919,1,,,Active,,,https://www.redfin.com/IL/Chicago/4851-N-Springfield-Ave-60625/home/13492994,MRED,11904355,N,Y,41.9697984,-87.7253581
MLS Listing,,Single Family Residential,2310 W 107th Pl,Chicago,IL,60643,475000,4,1.5,CHI - Morgan Park,1920,9000,1943,1,247,,Active,,,https://www.redfin.com/IL/Chicago/2310-W-107th-Pl-60643/home/13072176,MRED,11890687,N,Y,41.6980709,-87.6794261
MLS Listing,,Single Family Residential,3334 W Belle Plaine Ave,Chicago,IL,60618,799000,4,3.5,CHI - Irving Park,,3472,,1,,,Active,October-14-2023 10:00 AM,October-14-2023 12:00 PM,https://www.redfin.com/IL/Chicago/3334-W-Belle-Plaine-Ave-60618/home/183925176,MRED,11904538,N,Y,41.9559471,-87.7119699
MLS Listing,,Condo/Co-op,3200 N Lake Shore Dr #1809,Chicago,IL,60657,150000,1,1.0,CHI - Lake View,900,,1967,1,167,881,Active,,,https://www.redfin.com/IL/Chicago/3200-N-Lake-Shore-Dr-60657/unit-1809/home/13375301,MRED,11904512,N,Y,41.9404761,-87.6398066
MLS Listing,,Single Family Residential,9715 S Claremont Ave,Chicago,IL,60643,399900,4,2.5,CHI - Beverly,,4305,1944,1,,,Active,,,https://www.redfin.com/IL/Chicago/9715-S-Claremont-Ave-60643/home/13099060,MRED,11904573,N,Y,41.7168498,-87.6804016
MLS Listing,,Single Family Residential,11330 S Stewart Ave,Chicago,IL,60628,284900,6,3.0,CHI - Roseland,1900,4613,1915,1,150,,Active,,,https://www.redfin.com/IL/Chicago/11330-S-Stewart-Ave-60628/home/13064440,MRED,11904325,N,Y,41.6878871,-87.6328679
MLS Listing,,Condo/Co-op,9 W Walton St #2701,Chicago,IL,60610,7000000,3,3.5,CHI - Near North Side,4500,,2018,1,1556,4585,Active,,,https://www.redfin.com/IL/Chicago/9-W-Walton-St-60610/unit-2701/home/171315385,MRED,11904562,N,Y,41.8998155,-87.6287676
MLS Listing,,Condo/Co-op,2930 N Sheridan Rd #1709,Chicago,IL,60657,248000,1,1.0,CHI - Lake View,,,1960,1,,469,Active,,,https://www.redfin.com/IL/Chicago/2930-N-Sheridan-Rd-60657/unit-1709/home/39518297,MRED,11904553,N,Y,41.9351067,-87.6397259
MLS Listing,,Multi-Family (2-4 Unit),2301 S Marshall Blvd,Chicago,IL,60623,439999,8,5.0,CHI - South Lawndale,,,1919,1,,,Active,,,https://www.redfin.com/IL/Chicago/2301-S-Marshall-Blvd-60623/home/13232202,MRED,11904551,N,Y,41.849925,-87.698343
MLS Listing,,Single Family Residential,2138 N Clifton Ave,Chicago,IL,60614,3150000,6,6.5,CHI - Lincoln Park,,3125,2008,1,,,Active,,,https://www.redfin.com/IL/Chicago/2138-N-Clifton-Ave-60614/home/18954033,MRED,11883429,N,Y,41.9210154,-87.657414
MLS Listing,,Condo/Co-op,1459 W Superior St Unit 3W,Chicago,IL,60642,775000,3,2.0,CHI - West Town,,,2019,1,,187,Active,October-14-2023 12:00 PM,October-14-2023 02:00 PM,https://www.redfin.com/IL/Chicago/1459-W-Superior-St-60654/unit-3W/home/178255503,MRED,11896120,N,Y,41.894945538,-87.66459864
MLS Listing,,Parking,1235 S Prairie Ave Unit G318,Chicago,IL,60605,40000,,,CHI - Near South Side,,160,2006,1,,52,Active,,,https://www.redfin.com/IL/Chicago/1235-S-Prairie-Ave-60605/unit-G318/home/187891558,MRED,11844363,N,Y,41.8661749,-87.6213375
MLS Listing,,Condo/Co-op,1508 N State Pkwy #3,Chicago,IL,60610,2850000,4,3.5,CHI - Near North Side,2610,,2024,1,1092,,Active,,,https://www.redfin.com/IL/Chicago/1508-N-State-Pkwy-60610/unit-3/home/187891521,MRED,11898525,N,Y,41.9097963,-87.6290915
MLS Listing,,Single Family Residential,9223 S Woodlawn Ave,Chicago,IL,60619,189900,3,2.0,CHI - Burnside,1500,3125,1890,1,127,,Active,,,https://www.redfin.com/IL/Chicago/9223-S-Woodlawn-Ave-60619/home/13113503,MRED,11904492,N,Y,41.7269469,-87.5946625
MLS Listing,,Single Family Residential,11006 S Hoyne Ave,Chicago,IL,60643,294900,3,2.5,CHI - Morgan Park,1262,,1968,1,234,,Active,October-14-2023 12:00 AM,October-14-2023 02:00 PM,https://www.redfin.com/IL/Chicago/11006-S-Hoyne-Ave-60643/home/13071175,MRED,11904500,N,Y,41.6937806,-87.6746654
MLS Listing,,Parking,1134 W Granville Ave Unit P-397,Chicago,IL,60660,19900,,,CHI - Edgewater,,120,2009,1,,66,Active,,,https://www.redfin.com/IL/Chicago/1134-W-Granville-Ave-60660/unit-P-397/home/144509451,MRED,11904407,N,Y,41.9947425,-87.6597943
MLS Listing,,Condo/Co-op,1465 W Erie St #3,Chicago,IL,60642,700000,2,2.0,CHI - West Town,,,2016,1,,282,Active,,,https://www.redfin.com/IL/Chicago/1465-W-Erie-St-60642/unit-3/home/175653225,MRED,11888424,N,Y,41.8932506,-87.6648966
MLS Listing,,Condo/Co-op,363 E Wacker Dr #6503,Chicago,IL,60601,3097218,3,3.0,CHI - Loop,2332,,2020,1,1328,1872,Active,,,https://www.redfin.com/IL/Chicago/363-E-Wacker-Dr-60601/unit-6503/home/187891007,MRED,11904442,N,Y,41.8874508,-87.6174598
MLS Listing,,Condo/Co-op,928 N Wolcott Ave #3,Chicago,IL,60622,575000,2,2.0,CHI - West Town,,,2005,1,,250,Active,,,https://www.redfin.com/IL/Chicago/928-N-Wolcott-Ave-60622/unit-3/home/12608298,MRED,11904457,N,Y,41.8986376,-87.6750008
MLS Listing,,Multi-Family (2-4 Unit),3513 S Seeley Ave,Chicago,IL,60609,380000,3,1.0,CHI - McKinley Park,,,1900,1,,,Active,,,https://www.redfin.com/IL/Chicago/3513-S-Seeley-Ave-60609/home/14078012,MRED,11904371,N,Y,41.8299191,-87.6762393
MLS Listing,,Condo/Co-op,363 E Wacker Dr #1904,Chicago,IL,60601,1838480,2,2.0,CHI - Loop,1715,,2020,1,1072,1202,Active,,,https://www.redfin.com/IL/Chicago/363-E-Wacker-Dr-60601/unit-1904/home/109066646,MRED,11904412,N,Y,41.8874508,-87.6174598
MLS Listing,,Condo/Co-op,800 N Michigan Ave #3203,Chicago,IL,60611,1050000,2,2.5,Park Tower,2000,,2000,1,525,1466,Active,,,https://www.redfin.com/IL/Chicago/800-N-Michigan-Ave-60611/unit-3203/home/12754585,MRED,11904428,N,Y,41.8971181,-87.6255019
MLS Listing,,Single Family Residential,9251 S Justine St,Chicago,IL,60620,239900,4,1.5,CHI - Washington Heights,1581,,1952,1,152,,Active,,,https://www.redfin.com/IL/Chicago/9251-S-Justine-St-60620/home/13103052,MRED,11904299,N,Y,41.7252145,-87.6612068
MLS Listing,,Condo/Co-op,1150 N Lake Shore Dr Unit 12G,Chicago,IL,60611,199900,1,1.0,CHI - Near North Side,,,1957,1,,980,Active,,,https://www.redfin.com/IL/Chicago/1150-N-Lake-Shore-Dr-60611/unit-12G/home/14123249,MRED,11904410,N,Y,41.9035898,-87.6253846
MLS Listing,,Townhouse,6219 N Cicero Ave Unit A,Chicago,IL,60646,320000,2,1.5,CHI - Forest Glen,1259,,1956,1,254,,Active,,,https://www.redfin.com/IL/Chicago/6219-N-Cicero-Ave-60646/unit-A/home/13515984,MRED,11904367,N,Y,41.9936669,-87.7477832
MLS Listing,,Condo/Co-op,3750 N Lake Shore Dr Unit 4D,Chicago,IL,60613,560000,2,2.5,CHI - Lake View,2200,,1926,1,255,2563,Active,,,https://www.redfin.com/IL/Chicago/3750-N-Lake-Shore-Dr-60613/unit-4D/home/40422374,MRED,11902944,N,Y,41.9519345,-87.6453299
MLS Listing,,Condo/Co-op,837 W Roscoe St Unit 1W,Chicago,IL,60657,824900,3,3.0,CHI - Lake View,2800,,2003,1,295,533,Active,,,https://www.redfin.com/IL/Chicago/837-W-Roscoe-St-60657/unit-1W/home/12630199,MRED,11904395,N,Y,41.9433393,-87.6508806
MLS Listing,,Multi-Family (2-4 Unit),1451 W Berwyn Ave,Chicago,IL,60640,1399900,6,3.0,CHI - Edgewater,,3750,1915,1,,,Active,,,https://www.redfin.com/IL/Chicago/1451-W-Berwyn-Ave-60640/home/13403114,MRED,11904228,N,Y,41.977838,-87.6667244
MLS Listing,,Condo/Co-op,405 N Wabash Ave #4504,Chicago,IL,60611,465000,2,2.0,CHI - Near North Side,1250,,1977,1,372,1237,Active,October-14-2023 02:30 PM,October-14-2023 04:30 PM,https://www.redfin.com/IL/Chicago/405-N-Wabash-Ave-60611/unit-4504/home/14098576,MRED,11904381,N,Y,41.8897222,-87.6257722
MLS Listing,,Townhouse,1624 W Altgeld St,Chicago,IL,60614,625000,3,2.0,CHI - Lincoln Park,,1175,1991,1,,,Active,October-14-2023 12:00 PM,October-14-2023 02:00 PM,https://www.redfin.com/IL/Chicago/1624-W-Altgeld-St-60614/home/13357239,MRED,11904291,N,Y,41.927102,-87.6692441
MLS Listing,,Condo/Co-op,5343 S Ellis Ave Unit G-2,Chicago,IL,60615,95900,2,1.0,CHI - Hyde Park,700,,1910,1,137,835,Active,,,https://www.redfin.com/IL/Chicago/5343-S-Ellis-Ave-60615/unit-G-2/home/187889995,MRED,11904188,N,Y,41.7981439,-87.6008877
MLS Listing,,Multi-Family (5+ Unit),6501 S Hermitage Ave,Chicago,IL,60636,450000,14,9.0,CHI - West Englewood,5648,5227,1908,1,80,,Active,,,https://www.redfin.com/IL/Chicago/6501-S-Hermitage-Ave-60636/home/183667549,MRED,11904357,N,Y,41.7756349,-87.667446
MLS Listing,,Vacant Land,608 W Adams St,Chicago,IL,60661,2450000,,,CHI - Near West Side,,4791,,1,,,Active,,,https://www.redfin.com/IL/Chicago/608-W-Adams-St-60661/home/187889929,MRED,11904345,N,Y,41.8796218,-87.6430083
MLS Listing,,Single Family Residential,3517 W 65th Pl,Chicago,IL,60629,274900,7,3.0,CHI - Chicago Lawn,2597,3125,1924,1,106,,Active,,,https://www.redfin.com/IL/Chicago/3517-W-65th-Pl-60629/home/13989931,MRED,11904352,N,Y,41.7740911,-87.7110312
MLS Listing,,Multi-Family (2-4 Unit),8242 S Houston Ave,Chicago,IL,60617,169900,6,3.0,CHI - South Chicago,,3049,1885,1,,,Active,,,https://www.redfin.com/IL/Chicago/8242-S-Houston-Ave-60617/home/13214540,MRED,11904280,N,Y,41.7452054,-87.5506059
MLS Listing,,Condo/Co-op,346 E 41st St #1,Chicago,IL,60653,188000,2,2.0,CHI - Grand Boulevard,1234,,1898,1,152,386,Active,,,https://www.redfin.com/IL/Chicago/346-E-41st-St-60653/unit-1/home/12623710,MRED,11904339,N,Y,41.8203331,-87.6179909
MLS Listing,,Single Family Residential,1822 W Fletcher St,Chicago,IL,60657,1420000,4,3.5,CHI - North Center,,3125,1997,1,,,Active,,,https://www.redfin.com/IL/Chicago/1822-W-Fletcher-St-60657/home/13360270,MRED,11903898,N,Y,41.9389354,-87.674583
MLS Listing,,Condo/Co-op,645 N Kingsbury St #806,Chicago,IL,60610,425000,1,1.5,CHI - Near North Side,,,2002,1,,762,Active,,,https://www.redfin.com/IL/Chicago/645-N-Kingsbury-St-60654/unit-806/home/12707717,MRED,11904019,N,Y,41.8933258,-87.6411183
MLS Listing,,Multi-Family (2-4 Unit),5122 S Campbell Ave,Chicago,IL,60632,279999,5,2.0,CHI - Gage Park,,,1890,1,,,Active,,,https://www.redfin.com/IL/Chicago/5122-S-Campbell-Ave-60632/home/14016799,MRED,11904327,N,Y,41.8003964,-87.6869143
MLS Listing,,Single Family Residential,5848 W Berenice Ave,Chicago,IL,60634,360000,4,2.0,CHI - Portage Park,1245,4181,1913,1,289,,Active,,,https://www.redfin.com/IL/Chicago/5848-W-Berenice-Ave-60634/home/13466743,MRED,11822853,N,Y,41.950555,-87.7736813
MLS Listing,,Condo/Co-op,550 N Saint Clair St #2502,Chicago,IL,60611,2190000,3,3.0,CHI - Near North Side,3200,,2008,1,684,2296,Active,,,https://www.redfin.com/IL/Chicago/550-N-Saint-Clair-St-60611/unit-2502/home/64227016,MRED,11904314,N,Y,41.8922991,-87.6229169
MLS Listing,,Condo/Co-op,1550 N Lake Shore Dr Unit 6AC,Chicago,IL,60610,875000,3,2.0,CHI - Near North Side,2200,,1962,1,398,2183,Active,,,https://www.redfin.com/IL/Chicago/1550-N-Lake-Shore-Dr-60610/unit-6AC/home/187888510,MRED,11887473,N,Y,41.9108985,-87.6267754
MLS Listing,,Single Family Residential,2328 N Mango Ave,Chicago,IL,60639,315000,3,2.0,CHI - Belmont Cragin,1020,3100,1952,1,309,,Active,,,https://www.redfin.com/IL/Chicago/2328-N-Mango-Ave-60639/home/13428667,MRED,11903883,N,Y,41.9230032,-87.7698099
MLS Listing,,Condo/Co-op,2659 W Thomas St Unit 2W,Chicago,IL,60622,380000,2,2.0,CHI - West Town,1200,,2004,1,317,157,Active,,,https://www.redfin.com/IL/Chicago/2659-W-Thomas-St-60622/unit-2W/home/12636294,MRED,11904274,N,Y,41.90087,-87.694134
MLS Listing,,Single Family Residential,1723 E 83rd St,Chicago,IL,60617,299900,4,2.0,CHI - Avalon Park,2516,,1923,1,119,,Active,,,https://www.redfin.com/IL/Chicago/1723-E-83rd-St-60617/home/13219134,MRED,11902721,N,Y,41.7440411,-87.5819392
MLS Listing,,Condo/Co-op,1613 W Beach Ave Unit 1E,Chicago,IL,60622,799000,3,2.5,CHI - West Town,,,2019,1,,200,Active,,,https://www.redfin.com/IL/Chicago/1613-W-Beach-Ave-60622/unit-1E/home/185207710,MRED,11902517,N,Y,41.9074098,-87.6681767
MLS Listing,,Condo/Co-op,4258 N Winchester Ave #3,Chicago,IL,60613,325000,3,1.0,CHI - North Center,,,1910,1,,482,Active,,,https://www.redfin.com/IL/Chicago/4258-N-Winchester-Ave-60613/unit-3/home/187891741,MRED,11899580,N,Y,41.95952,-87.677851
MLS Listing,,Single Family Residential,2622 W Wilson Ave,Chicago,IL,60625,650000,2,2.0,Ravenswood Gardens,2500,3598,1913,1,260,,Active,,,https://www.redfin.com/IL/Chicago/2622-W-Wilson-Ave-60625/home/13488989,MRED,11898643,N,Y,41.9650832,-87.694652
MLS Listing,,Single Family Residential,2842 W Chase Ave,Chicago,IL,60645,690000,4,2.5,CHI - West Ridge,1602,3750,1941,1,431,,Active,,,https://www.redfin.com/IL/Chicago/2842-W-Chase-Ave-60645/home/13602954,MRED,11904260,N,Y,42.0140543,-87.7012709
MLS Listing,,Condo/Co-op,535 N Michigan Ave #1003,Chicago,IL,60611,190000,1,1.0,CHI - Near North Side,775,,1962,1,245,653,Active,October-14-2023 11:00 AM,October-14-2023 01:00 PM,https://www.redfin.com/IL/Chicago/535-N-Michigan-Ave-60611/unit-1003/home/18953325,MRED,11903355,N,Y,41.8918673,-87.6233759
MLS Listing,,Single Family Residential,1829 W Cornelia Ave,Chicago,IL,60657,799000,3,3.0,CHI - North Center,,,,1,,,Active,,,https://www.redfin.com/IL/Chicago/1829-W-Cornelia-Ave-60657/home/13385655,MRED,11883494,N,Y,41.9449141,-87.6751014
MLS Listing,,Multi-Family (2-4 Unit),10844 S King Dr,Chicago,IL,60628,230000,4,2.0,CHI - Roseland,,3920,1952,1,,,Active,,,https://www.redfin.com/IL/Chicago/10844-S-King-Dr-60628/home/13080711,MRED,11904223,N,Y,41.6969123,-87.6138227
MLS Listing,,Condo/Co-op,161 W Harrison St #604,Chicago,IL,60605,285000,1,1.0,CHI - Loop,900,,1910,1,317,250,Active,,,https://www.redfin.com/IL/Chicago/161-W-Harrison-St-60605/unit-604/home/12814449,MRED,11897846,N,Y,41.8742067,-87.632866
MLS Listing,,Condo/Co-op,630 N State St #1305,Chicago,IL,60654,285000,1,1.0,CHI - Near North Side,800,,1997,1,356,648,Active,,,https://www.redfin.com/IL/Chicago/630-N-State-St-60654/unit-1305/home/12751087,MRED,11904235,N,Y,41.8937668,-87.6283072
MLS Listing,,Condo/Co-op,6030 N Sheridan Rd #1105,Chicago,IL,60660,157500,1,1.0,CHI - Edgewater,,,,1,,381,Active,,,https://www.redfin.com/IL/Chicago/6030-N-Sheridan-Rd-60660/unit-1105/home/12699716,MRED,11895591,N,Y,41.9916165,-87.6560463
MLS Listing,,Single Family Residential,3517 N Oak Park Ave,Chicago,IL,60634,274999,3,2.0,CHI - Dunning,560,3750,1923,1,491,,Active,,,https://www.redfin.com/IL/Chicago/3517-N-Oak-Park-Ave-60634/home/13467326,MRED,11904013,N,Y,41.9441917,-87.7956814
MLS Listing,,Multi-Family (2-4 Unit),4228 W Washington Blvd,Chicago,IL,60624,435000,8,2.0,CHI - West Garfield Park,,4500,1900,1,,,Active,,,https://www.redfin.com/IL/Chicago/4228-W-Washington-Blvd-60624/home/13262167,MRED,11904153,N,Y,41.8823315,-87.7318025
MLS Listing,,Single Family Residential,5350 N Ludlam Ave,Chicago,IL,60630,479900,5,3.0,CHI - Jefferson Park,2023,3750,,1,237,,Active,,,https://www.redfin.com/IL/Chicago/5350-N-Ludlam-Ave-60630/home/13499061,MRED,11904130,N,Y,41.9789782,-87.7627395
MLS Listing,,Condo/Co-op,2150 N Damen Ave #302,Chicago,IL,60647,625000,2,2.5,CHI - Logan Square,1600,,2007,1,391,401,Active,,,https://www.redfin.com/IL/Chicago/2150-N-Damen-Ave-60647/unit-302/home/18921613,MRED,11904193,N,Y,41.9209082,-87.6780229
MLS Listing,,Condo/Co-op,419 W Grand Ave Unit I,Chicago,IL,60654,999995,4,2.5,The Sexton,2800,,2000,1,357,923,Active,,,https://www.redfin.com/IL/Chicago/419-W-Grand-Ave-60654/unit-I/home/183799622,MRED,11904195,N,Y,41.8914007,-87.6388524
MLS Listing,,Condo/Co-op,758 N Larrabee St #408,Chicago,IL,60654,489900,2,2.0,CHI - Near North Side,1200,,1928,1,408,790,Active,October-12-2023 05:00 PM,October-12-2023 07:00 PM,https://www.redfin.com/IL/Chicago/758-N-Larrabee-St-60654/unit-408/home/12697209,MRED,11902293,N,Y,41.895943,-87.6436993
MLS Listing,,Multi-Family (2-4 Unit),11210 S Normal Ave,Chicago,IL,60628,94999,3,2.0,CHI - Roseland,,,1920,1,,,Active,,,https://www.redfin.com/IL/Chicago/11210-S-Normal-Ave-60628/home/13065743,MRED,11904178,N,Y,41.690259,-87.6353535
MLS Listing,,Condo/Co-op,2100 N Lincoln Park West Unit 10AS,Chicago,IL,60614,350000,2,2.0,CHI - Lincoln Park,1400,,1919,1,250,1055,Active,,,https://www.redfin.com/IL/Chicago/2100-N-Lincoln-Park-W-60614/unit-10AS/home/187887735,MRED,11900297,N,Y,41.9204815,-87.6367253
MLS Listing,,Single Family Residential,3222 N Neenah Ave,Chicago,IL,60634,424900,4,2.0,CHI - Dunning,1974,3720,1921,1,215,,Active,,,https://www.redfin.com/IL/Chicago/3222-N-Neenah-Ave-60634/home/13467247,MRED,11902774,N,Y,41.938957,-87.7899952
MLS Listing,,Single Family Residential,10533 S Maplewood Ave,Chicago,IL,60655,689900,5,4.0,CHI - Beverly,3100,5000,1934,1,223,,Active,,,https://www.redfin.com/IL/Chicago/10533-S-Maplewood-Ave-60655/home/13157487,MRED,11901590,N,Y,41.7017029,-87.6849144
MLS Listing,,Condo/Co-op,4857 N Bernard St #3,Chicago,IL,60625,209000,2,1.0,CHI - Albany Park,1170,,1922,1,179,286,Active,,,https://www.redfin.com/IL/Chicago/4857-N-Bernard-St-60625/unit-3/home/12639614,MRED,11904101,N,Y,41.9700471,-87.7143352
MLS Listing,,Condo/Co-op,30 E Huron St #5509,Chicago,IL,60611,500000,2,2.0,CHI - Near North Side,1250,,1980,1,400,1242,Active,,,https://www.redfin.com/IL/Chicago/30-E-Huron-St-60611/unit-5509/home/12648325,MRED,11904148,N,Y,41.8951123,-87.6266389
MLS Listing,,Multi-Family (2-4 Unit),322 S Mozart St,Chicago,IL,60612,395000,6,3.0,CHI - East Garfield Park,,3125,1895,1,,,Active,,,https://www.redfin.com/IL/Chicago/322-S-Mozart-St-60612/home/13258666,MRED,11903927,N,Y,41.876676,-87.697746
MLS Listing,,Condo/Co-op,512 N Mcclurg Ct #3601,Chicago,IL,60611,535000,2,2.0,CHI - Near North Side,1445,,2001,1,370,698,Active,,,https://www.redfin.com/IL/Chicago/512-N-McClurg-Ct-60611/unit-3601/home/12695374,MRED,11903928,N,Y,41.8915234,-87.6178142
MLS Listing,,Single Family Residential,3340 N Narragansett Ave,Chicago,IL,60634,380000,4,2.0,CHI - Dunning,1962,4338,,1,194,,Active,,,https://www.redfin.com/IL/Chicago/3340-N-Narragansett-Ave-60634/home/183838327,MRED,11904137,N,Y,41.9412987,-87.786446
MLS Listing,,Condo/Co-op,547 S Clark St #405,Chicago,IL,60605,297500,1,1.0,Harrison Street Lofts,876,,1998,1,340,389,Active,,,https://www.redfin.com/IL/Chicago/547-S-Clark-St-60605/unit-405/home/12789143,MRED,11904140,N,Y,41.8748341,-87.6304465
MLS Listing,,Single Family Residential,3241 S Avers Ave,Chicago,IL,60623,239000,4,2.0,CHI - South Lawndale,1618,3750,1925,1,148,,Active,,,https://www.redfin.com/IL/Chicago/3241-S-Avers-Ave-60623/home/14129777,MRED,11904006,N,Y,41.8339143,-87.7203498
MLS Listing,,Single Family Residential,8615 S Aberdeen St,Chicago,IL,60620,187999,3,1.0,CHI - Auburn Gresham,1200,3125,1924,1,157,,Active,October-14-2023 11:00 AM,October-14-2023 03:00 PM,https://www.redfin.com/IL/Chicago/8615-S-Aberdeen-St-60620/home/12583482,MRED,11903981,N,Y,41.7373157,-87.6506948
MLS Listing,,Condo/Co-op,119 W Chestnut St #5,Chicago,IL,60610,1199000,3,3.5,CHI - Near North Side,3603,,1920,1,333,902,Active,,,https://www.redfin.com/IL/Chicago/119-W-Chestnut-St-60610/unit-5/home/183739596,MRED,11904131,N,Y,41.8977199,-87.6321383
MLS Listing,,Condo/Co-op,120 S State St #4,Chicago,IL,60603,599900,2,1.0,CHI - Loop,2300,,1926,1,261,935,Active,,,https://www.redfin.com/IL/Chicago/120-S-State-St-60603/unit-4/home/12813571,MRED,11904119,N,Y,41.8801548,-87.628112
MLS Listing,,Multi-Family (2-4 Unit),1508 E 75th St,Chicago,IL,60619,420000,6,3.0,CHI - South Shore,,3125,1906,1,,,Active,,,https://www.redfin.com/IL/Chicago/1508-E-75th-St-60619/home/184214122,MRED,11904113,N,Y,41.758984,-87.5879476
MLS Listing,,Condo/Co-op,2020 W Armitage Ave Unit 3E,Chicago,IL,60647,1099500,4,2.5,CHI - Logan Square,2400,,2021,1,458,200,Active,,,https://www.redfin.com/IL/Chicago/2020-W-Armitage-Ave-60647/unit-3E/home/174561326,MRED,11904098,N,Y,41.917917,-87.6785483
MLS Listing,,Condo/Co-op,1901 S Calumet Ave #2207,Chicago,IL,60616,599000,3,2.0,Harbor View,1625,,2007,1,369,1106,Active,,,https://www.redfin.com/IL/Chicago/1901-S-Calumet-Ave-60616/unit-2207/home/21785287,MRED,11902264,N,Y,41.8562269,-87.6185993
MLS Listing,,Condo/Co-op,680 N Lake Shore Dr #615,Chicago,IL,60611,544500,3,2.0,CHI - Near North Side,1600,,,1,340,1309,Active,,,https://www.redfin.com/IL/Chicago/680-N-Lake-Shore-Dr-60611/unit-615/home/14097117,MRED,11904081,N,Y,41.8946441,-87.6167234
MLS Listing,,Condo/Co-op,6525 N Nashville Ave Unit 206B,Chicago,IL,60631,235000,2,2.0,CHI - Norwood Park,1200,,1975,1,196,516,Active,,,https://www.redfin.com/IL/Chicago/6525-N-Nashville-Ave-60631/unit-206B/home/13593191,MRED,11900194,N,Y,41.9998958,-87.7905172
MLS Listing,,Condo/Co-op,1725 W Lemoyne St #2,Chicago,IL,60622,950000,3,2.5,CHI - West Town,2100,,2010,1,452,250,Active,,,https://www.redfin.com/IL/Chicago/1725-W-Le-Moyne-St-60622/unit-2/home/45511565,MRED,11857246,N,Y,41.9088839,-87.6711164
MLS Listing,,Condo/Co-op,88 W Schiller St Unit 2905L,Chicago,IL,60610,299500,1,1.0,Sandburg Village,,,1968,1,,651,Active,,,https://www.redfin.com/IL/Chicago/88-W-Schiller-St-60610/unit-2905L/home/14115058,MRED,11887497,N,Y,41.9080921,-87.6312196
MLS Listing,,Vacant Land,919 W 53rd Pl,Chicago,IL,60609,15000,,,CHI - New City,,2613,,1,,,Active,,,https://www.redfin.com/IL/Chicago/919-W-53rd-Pl-60609/home/187878927,MRED,11904055,N,Y,41.796648,-87.648319
MLS Listing,,Single Family Residential,7838 S Kilbourn Ave,Chicago,IL,60652,360000,4,2.0,CHI - Ashburn,1650,5458,1953,1,218,,Active,,,https://www.redfin.com/IL/Chicago/7838-S-Kilbourn-Ave-60652/home/13980245,MRED,11904049,N,Y,41.7499484,-87.7343886
MLS Listing,,Condo/Co-op,3019 N Damen Ave #2,Chicago,IL,60618,465000,2,2.0,CHI - North Center,,,2003,1,,138,Active,,,https://www.redfin.com/IL/Chicago/3019-N-Damen-Ave-60618/unit-2/home/12683015,MRED,11901421,N,Y,41.9365623,-87.6778955
MLS Listing,,Condo/Co-op,2300 W Wabansia Ave #133,Chicago,IL,60647,385000,1,1.5,Clock Tower Lofts,1046,,1906,1,368,466,Active,,,https://www.redfin.com/IL/Chicago/2300-W-Wabansia-Ave-60647/unit-133/home/13355341,MRED,11901442,N,Y,41.912746,-87.684343
MLS Listing,,Single Family Residential,8621 S Saginaw Ave,Chicago,IL,60617,165000,4,1.5,CHI - South Chicago,1104,,1925,1,149,,Active,,,https://www.redfin.com/IL/Chicago/8621-S-Saginaw-Ave-60617/home/13212280,MRED,11904022,N,Y,41.73838,-87.5597282
MLS Listing,,Multi-Family (2-4 Unit),222 W 119th St,Chicago,IL,60628,299800,6,2.0,CHI - West Pullman,,3750,1910,1,,,Active,,,https://www.redfin.com/IL/Chicago/222-W-119th-St-60628/home/13060752,MRED,11892657,N,Y,41.6781362,-87.6284225
MLS Listing,,Vacant Land,700 S California Ave,Chicago,IL,60612,129999,,,CHI - East Garfield Park,,5168,,1,,,Active,,,https://www.redfin.com/IL/Chicago/700-S-California-Ave-60612/home/148044340,MRED,11904036,N,Y,41.8726014,-87.6963054
MLS Listing,,Single Family Residential,26 W 114th St,Chicago,IL,60628,224900,5,3.0,CHI - Roseland,2100,3750,1910,1,107,,Active,,,https://www.redfin.com/IL/Chicago/26-W-114th-St-60628/home/13064007,MRED,11903566,N,Y,41.687365,-87.6239966
MLS Listing,,Condo/Co-op,8560 W Foster Ave #601,Norridge,IL,60706,339999,2,2.0,Cascades of Norridge,1445,,1996,1,235,416,Active,,,https://www.redfin.com/IL/Norridge/8560-W-Foster-Ave-60706/unit-601/home/13561827,MRED,11903985,N,Y,41.9741637,-87.8404708
MLS Listing,,Condo/Co-op,363 E Wacker Dr #5905,Chicago,IL,60601,2202599,3,3.0,CHI - Loop,2049,,2020,1,1075,1636,Active,,,https://www.redfin.com/IL/Chicago/363-E-Wacker-Dr-60601/unit-5905/home/105413733,MRED,11903971,N,Y,41.8874508,-87.6174598
MLS Listing,,Condo/Co-op,363 E Wacker Dr #5203,Chicago,IL,60601,2523287,3,3.0,CHI - Loop,2334,,2020,1,1081,1820,Active,,,https://www.redfin.com/IL/Chicago/363-E-Wacker-Dr-60601/unit-5203/home/187872240,MRED,11903964,N,Y,41.8874508,-87.6174598
MLS Listing,,Condo/Co-op,1150 N Lake Shore Dr Unit 9G,Chicago,IL,60611,215000,1,1.0,CHI - Near North Side,900,,1958,1,239,950,Active,,,https://www.redfin.com/IL/Chicago/1150-N-Lake-Shore-Dr-60611/unit-9G/home/14123647,MRED,11903965,N,Y,41.9035898,-87.6253846
MLS Listing,,Condo/Co-op,812 S Miller St Unit 3S,Chicago,IL,60607,384900,3,2.0,CHI - Near West Side,1300,,1986,1,296,280,Active,,,https://www.redfin.com/IL/Chicago/812-S-Miller-St-60607/unit-3S/home/179815711,MRED,11903958,N,Y,41.8713789,-87.6525848
MLS Listing,,Condo/Co-op,363 E Wacker Dr #1907,Chicago,IL,60601,1087344,1,1.5,CHI - Loop,1296,,2020,1,839,722,Active,,,https://www.redfin.com/IL/Chicago/363-E-Wacker-Dr-60601/unit-1907/home/105505118,MRED,11903961,N,Y,41.8874508,-87.6174598
MLS Listing,,Condo/Co-op,363 E Wacker Dr #1608,Chicago,IL,60601,2953038,3,2.5,CHI - Loop,2658,,2020,1,1111,1964,Active,,,https://www.redfin.com/IL/Chicago/363-E-Wacker-Dr-60601/unit-1608/home/187872038,MRED,11903952,N,Y,41.8874508,-87.6174598
MLS Listing,,Vacant Land,5238 S Princeton Ave,Chicago,IL,60609,25000,,,CHI - Fuller Park,,2800,,1,,,Active,,,https://www.redfin.com/IL/Chicago/5238-S-Princeton-Ave-60609/home/21877069,MRED,11903955,N,Y,41.798809,-87.633425
MLS Listing,,Vacant Land,5214 S Princeton Ave,Chicago,IL,60609,25000,,,CHI - Fuller Park,,2781,,1,,,Active,,,https://www.redfin.com/IL/Chicago/5214-S-Princeton-Ave-60609/home/40291130,MRED,11903946,N,Y,41.7994217,-87.6334747
MLS Listing,,Vacant Land,5210 S Princeton Ave,Chicago,IL,60609,25000,,,CHI - Fuller Park,,2781,,1,,,Active,,,https://www.redfin.com/IL/Chicago/5210-S-Princeton-Ave-60609/home/40291126,MRED,11903945,N,Y,41.799575,-87.633442
MLS Listing,,Condo/Co-op,633 S Plymouth Ct S #707,Chicago,IL,60605,179900,0,1.0,Pope Building Lofts,850,,1904,1,212,538,Active,,,https://www.redfin.com/IL/Chicago/633-S-Plymouth-Ct-60605/unit-707/home/12736077,MRED,11903924,N,Y,41.8734576,-87.6284325
MLS Listing,,Single Family Residential,4351 S Halsted St,Chicago,IL,60609,725000,3,3.5,CHI - New City,,6490,2023,1,,,Active,,,https://www.redfin.com/IL/Chicago/4351-S-Halsted-St-60609/home/147726335,MRED,11903936,N,Y,41.8146222,-87.645376
MLS Listing,,Vacant Land,5134 S Princeton Ave,Chicago,IL,60609,25000,,,CHI - Fuller Park,,2613,,1,,,Active,,,https://www.redfin.com/IL/Chicago/5134-S-Princeton-Ave-60609/home/21874888,MRED,11903942,N,Y,41.8007629,-87.6335125
MLS Listing,,Vacant Land,5018 S Princeton Ave,Chicago,IL,60609,25000,,,CHI - Fuller Park,,2613,,1,,,Active,,,https://www.redfin.com/IL/Chicago/5018-S-Princeton-Ave-60609/home/21872355,MRED,11903941,N,Y,41.802968,-87.63356
MLS Listing,,Vacant Land,4904 S Princeton Ave,Chicago,IL,60609,25000,,,CHI - Fuller Park,,,,1,,,Active,,,https://www.redfin.com/IL/Chicago/4904-S-Princeton-Ave-60609/home/146010094,MRED,11903939,N,Y,41.8052599,-87.633622
MLS Listing,,Vacant Land,4722 S Princeton Ave,Chicago,IL,60609,25000,,,CHI - Fuller Park,,2613,,1,,,Active,,,https://www.redfin.com/IL/Chicago/4722-S-Princeton-Ave-60609/home/40498822,MRED,11903937,N,Y,41.8084269,-87.6336741
MLS Listing,,Vacant Land,4462 S Princeton Ave,Chicago,IL,60609,25000,,,CHI - Fuller Park,,2750,,1,,,Active,,,https://www.redfin.com/IL/Chicago/4462-S-Princeton-Ave-60609/home/147726390,MRED,11903935,N,Y,41.8127274,-87.6337757
MLS Listing,,Condo/Co-op,812 S Miller St Unit 3N,Chicago,IL,60607,384900,3,2.0,CHI - Near West Side,1300,,1986,1,296,280,Active,,,https://www.redfin.com/IL/Chicago/812-S-Miller-St-60607/unit-3N/home/183828012,MRED,11903921,N,Y,41.8713789,-87.6525848
MLS Listing,,Vacant Land,4453 S Wells St,Chicago,IL,60609,25000,,,CHI - Fuller Park,,2613,,1,,,Active,,,https://www.redfin.com/IL/Chicago/4453-S-Wells-St-60609/home/40498823,MRED,11903931,N,Y,41.8130739,-87.6319314
MLS Listing,,Multi-Family (2-4 Unit),,Chicago,IL,60623,415000,5,4.5,,,,1905,1,,,Active,,,https://www.redfin.com/IL/Chicago/Undisclosed-address-60623/home/13234755,MRED,11903687,N,Y,41.8576,-87.7258233
MLS Listing,,Condo/Co-op,2035 W Granville Ave #209,Chicago,IL,60659,108999,1,1.0,CHI - West Ridge,,40000,1962,1,,250,Active,,,https://www.redfin.com/IL/Chicago/2035-W-Granville-Ave-60659/unit-209/home/13120073,MRED,11903901,N,Y,41.9938264,-87.6814564
MLS Listing,,Multi-Family (2-4 Unit),5054 W Crystal St,Chicago,IL,60651,489900,5,3.0,CHI - Austin,,3125,1915,1,,,Active,,,https://www.redfin.com/IL/Chicago/5054-W-Crystal-St-60651/home/13280200,MRED,11903611,N,Y,41.9033843,-87.7530922
MLS Listing,,Single Family Residential,6104 W Fletcher St W,Chicago,IL,60634,399900,3,1.0,CHI - Belmont Cragin,1010,4375,,1,396,,Active,,,https://www.redfin.com/IL/Chicago/6104-W-Fletcher-St-60634/home/13438108,MRED,11903822,N,Y,41.9377098,-87.77893
MLS Listing,,Condo/Co-op,2728 N Hampden Ct #1307,Chicago,IL,60614,175000,0,1.0,CHI - Lincoln Park,550,,1970,1,318,455,Active,,,https://www.redfin.com/IL/Chicago/2728-N-Hampden-Ct-60614/unit-1307/home/13368343,MRED,11903886,N,Y,41.9313022,-87.6420481
MLS Listing,,Condo/Co-op,4149 W 79th St Unit 2N,Chicago,IL,60652,106000,2,1.0,CHI - Ashburn,1500,,,1,71,,Active,,,https://www.redfin.com/IL/Chicago/4149-W-79th-St-60652/unit-2N/home/12784531,MRED,11903803,N,Y,41.7491227,-87.726093
MLS Listing,,Multi-Family (2-4 Unit),5704 S Aberdeen St,Chicago,IL,60621,200000,7,2.0,CHI - Englewood,,3125,,1,,,Active,,,https://www.redfin.com/IL/Chicago/5704-S-Aberdeen-St-60621/home/12565314,MRED,11897694,N,Y,41.790322,-87.6525832
MLS Listing,,Condo/Co-op,2710 W Summerdale Ave Unit GB,Chicago,IL,60625,114000,1,1.0,CHI - Lincoln Square,,,1954,1,,250,Active,,,https://www.redfin.com/IL/Chicago/2710-W-Summerdale-Ave-60625/unit-GB/home/13492037,MRED,11903768,N,Y,41.9788775,-87.6969861
MLS Listing,,Single Family Residential,2934 W Irving Park Rd,Chicago,IL,60618,250000,2,1.0,CHI - Irving Park,1064,2923,1918,1,235,,Active,,,https://www.redfin.com/IL/Chicago/2934-W-Irving-Park-Rd-60618/home/13488044,MRED,11903860,N,Y,41.954253,-87.702081
MLS Listing,,Single Family Residential,6941 N Dowagiac Ave,Chicago,IL,60646,615000,3,2.0,CHI - Forest Glen,1800,5014,1974,1,342,,Active,,,https://www.redfin.com/IL/Chicago/6941-N-Dowagiac-Ave-60646/home/13592174,MRED,11903851,N,Y,42.0069393,-87.7665895
MLS Listing,,Single Family Residential,503 W 125th St,Chicago,IL,60628,185000,4,2.0,CHI - West Pullman,1120,4613,1951,1,165,,Active,,,https://www.redfin.com/IL/Chicago/503-W-125th-St-60628/home/13055708,MRED,11903849,N,Y,41.666739,-87.6345439
MLS Listing,,Parking,600 N Dearborn St Unit P21,Chicago,IL,60654,225000,,,CHI - Near North Side,,153,2005,1,,86,Active,,,https://www.redfin.com/IL/Chicago/600-N-Dearborn-St-60654/unit-P21/home/12696204,MRED,11903848,N,Y,41.8926974,-87.6301704
MLS Listing,,Single Family Residential,12022 S Wentworth Ave,Chicago,IL,60628,189900,5,2.0,CHI - West Pullman,,3689,,1,,,Active,,,https://www.redfin.com/IL/Chicago/12022-S-Wentworth-Ave-60628/home/13056634,MRED,11903842,N,Y,41.6754713,-87.6276809
MLS Listing,,Condo/Co-op,440 N Wabash Ave #4810,Chicago,IL,60611,285000,1,1.0,CHI - Near North Side,,,1992,1,,546,Active,,,https://www.redfin.com/IL/Chicago/440-N-Wabash-Ave-60611/unit-4810/home/12592517,MRED,11903844,N,Y,41.8903711,-87.6269739
MLS Listing,,Single Family Residential,2553 W 103rd St,Chicago,IL,60655,339900,4,2.0,CHI - Beverly,1173,,,1,290,,Active,,,https://www.redfin.com/IL/Chicago/2553-W-103rd-St-60655/home/13156739,MRED,11898945,N,Y,41.7061191,-87.6861755
MLS Listing,,Single Family Residential,4038 W Stillwell Pl,Oak Lawn,IL,60453,325000,4,2.0,Oak Lawn,1100,6875,1954,1,295,,Active,,,https://www.redfin.com/IL/Oak-Lawn/4038-Stillwell-Pl-60453/home/13148652,MRED,11903788,N,Y,41.6969983,-87.7225597
MLS Listing,,Condo/Co-op,2854 W Belmont Ave Unit 2N,Chicago,IL,60618,499900,3,2.0,CHI - Avondale,,,2017,1,,242,Active,October-15-2023 10:30 AM,October-15-2023 12:00 PM,https://www.redfin.com/IL/Chicago/2854-W-Belmont-Ave-60618/unit-2N/home/171312206,MRED,11903806,N,Y,41.939558,-87.6998062
MLS Listing,,Single Family Residential,,Chicago,IL,60649,399000,5,3.5,,4000,5052,1900,2,100,,Active,,,https://www.redfin.com/IL/Chicago/Undisclosed-address-60649/home/13923601,MRED,11903578,N,Y,41.7627535,-87.5742441
MLS Listing,,Condo/Co-op,235 W Van Buren St #3618,Chicago,IL,60607,270000,1,1.0,CHI - Loop,737,,2009,2,366,312,Active,,,https://www.redfin.com/IL/Chicago/235-W-Van-Buren-St-60607/unit-3618/home/45514093,MRED,11903791,N,Y,41.8765303,-87.6347529
MLS Listing,,Single Family Residential,8039 S Elizabeth St,Chicago,IL,60620,125000,5,1.5,CHI - Auburn Gresham,1344,,1917,2,93,,Active,,,https://www.redfin.com/IL/Chicago/8039-S-Elizabeth-St-60620/home/13906451,MRED,11903767,N,Y,41.747545,-87.6546111
MLS Listing,,Single Family Residential,6925 S Stewart Ave,Chicago,IL,60621,60000,4,2.0,CHI - Englewood,2106,3375,1895,2,28,,Active,,,https://www.redfin.com/IL/Chicago/6925-S-Stewart-Ave-60621/home/183897961,MRED,11903772,N,Y,41.7682814,-87.6344483
MLS Listing,,Single Family Residential,5536 S Kilbourn Ave,Chicago,IL,60629,295000,3,1.0,CHI - West Elsdon,1322,3781,1913,2,223,,Active,October-15-2023 12:00 AM,October-15-2023 02:00 PM,https://www.redfin.com/IL/Chicago/5536-S-Kilbourn-Ave-60629/home/14007687,MRED,11901645,N,Y,41.7920307,-87.7358782
MLS Listing,,Multi-Family (2-4 Unit),142 S Austin Blvd,Oak Park,IL,60304,499900,6,2.0,Oak Park,,4791,1922,2,,,Active,,,https://www.redfin.com/IL/Oak-Park/142-S-Austin-Blvd-60304/home/179567987,MRED,11903760,N,Y,41.8775887,-87.7750014
MLS Listing,,Multi-Family (2-4 Unit),11825 S Sangamon St,Chicago,IL,60643,69900,8,3.0,CHI - West Pullman,,3049,1900,2,,,Active,,,https://www.redfin.com/IL/Chicago/11825-S-Sangamon-St-60643/home/12575583,MRED,11903749,N,Y,41.678751,-87.6452989
MLS Listing,,Single Family Residential,12908 S Muskegon Ave,Chicago,IL,60633,269900,3,2.0,CHI - Hegewisch,1066,5009,1964,2,253,,Active,,,https://www.redfin.com/IL/Chicago/12908-S-Muskegon-Ave-60633/home/13031127,MRED,11903631,N,Y,41.6606364,-87.5547078
MLS Listing,,Single Family Residential,1216 S 48th Ct,Cicero,IL,60804,139000,3,3.0,Cicero,,3149,1903,2,,,Active,,,https://www.redfin.com/IL/Cicero/1216-S-48th-Ct-60804/home/13238256,MRED,11903743,N,Y,41.8652199,-87.7464023
MLS Listing,,Townhouse,4155 S Lowe Ave,Chicago,IL,60609,455000,3,2.5,CHI - New City,2500,,2007,2,182,,Active,,,https://www.redfin.com/IL/Chicago/4155-S-Lowe-Ave-60609/home/18920217,MRED,11903732,N,Y,41.8187248,-87.6418753
MLS Listing,,Single Family Residential,2550 E 91st St,Chicago,IL,60617,284900,4,2.5,Pill Hill Valley,1483,3604,1942,2,192,,Active,,,https://www.redfin.com/IL/Chicago/2550-E-91st-St-60617/home/13043251,MRED,11903731,N,Y,41.7301354,-87.5613887
MLS Listing,,Condo/Co-op,3104 N Kolmar Ave Unit G,Chicago,IL,60641,199900,2,1.0,CHI - Hermosa,,,1997,2,,198,Active,,,https://www.redfin.com/IL/Chicago/3104-N-Kolmar-Ave-60641/unit-G/home/12726921,MRED,11903721,N,Y,41.937277,-87.741066
MLS Listing,,Multi-Family (2-4 Unit),3440 W Flournoy St,Chicago,IL,60624,250000,5,2.0,CHI - East Garfield Park,,3125,1909,2,,,Active,,,https://www.redfin.com/IL/Chicago/3440-W-Flournoy-St-60624/home/13256975,MRED,11903583,N,Y,41.8728756,-87.7123451
MLS Listing,,Single Family Residential,351 W 100th St,Chicago,IL,60628,295000,4,2.5,CHI - Roseland,1064,,1971,2,277,,Active,,,https://www.redfin.com/IL/Chicago/351-W-100th-St-60628/home/13089544,MRED,11903607,N,Y,41.7123113,-87.632886
MLS Listing,,Condo/Co-op,1740 N Marshfield Ave Unit A10,Chicago,IL,60622,498500,2,2.0,Marshfield Lofts,1800,,,2,277,475,Active,,,https://www.redfin.com/IL/Chicago/1740-N-Marshfield-Ave-60622/unit-A10/home/187370756,MRED,11903697,N,Y,41.9137102,-87.6694019
MLS Listing,,Condo/Co-op,8765 S Kolmar Ave #0,Hometown,IL,60456,210000,2,1.0,Hometown,744,4000,1952,2,282,,Active,,,https://www.redfin.com/IL/Hometown/8765-S-Kolmar-Ave-60456/home/13184352,MRED,11901521,N,Y,41.7327427,-87.7352159
MLS Listing,,Condo/Co-op,88 W Schiller St #201,Chicago,IL,60610,225000,1,1.0,Lowell House,820,,1968,2,274,934,Active,,,https://www.redfin.com/IL/Chicago/88-W-Schiller-St-60610/unit-201/home/187860232,MRED,11901873,N,Y,41.9080921,-87.6312196
MLS Listing,,Single Family Residential,1532 W Chase Ave,Chicago,IL,60626,925000,7,4.5,CHI - Rogers Park,,9000,1909,2,,,Active,October-14-2023 12:00 PM,October-14-2023 02:00 PM,https://www.redfin.com/IL/Chicago/1532-W-Chase-Ave-60626/home/13576520,MRED,11875708,N,Y,42.0141153,-87.6694256
MLS Listing,,Single Family Residential,2512 N Tripp Ave,Chicago,IL,60639,649000,4,2.0,CHI - Hermosa,2164,6250,1901,2,300,,Active,,,https://www.redfin.com/IL/Chicago/2512-N-Tripp-Ave-60639/home/13443169,MRED,11903629,N,Y,41.9266605,-87.7332594
MLS Listing,,Vacant Land,5430 S Kenneth Ave,Chicago,IL,60632,45000,,,CHI - West Elsdon,,3750,,2,,,Active,,,https://www.redfin.com/IL/Chicago/5430-S-Kenneth-Ave-60632/home/14021496,MRED,11903654,N,Y,41.7938758,-87.7347553
MLS Listing,,Single Family Residential,5020 W Waveland Ave,Chicago,IL,60641,750000,5,4.0,CHI - Portage Park,3100,4835,1913,2,242,,Active,,,https://www.redfin.com/IL/Chicago/5020-W-Waveland-Ave-60641/home/13461556,MRED,11903603,N,Y,41.9480872,-87.752978
MLS Listing,,Single Family Residential,8440 S Winchester Ave,Chicago,IL,60620,279000,3,2.5,CHI - Auburn Gresham,1568,4626,1941,2,178,,Active,,,https://www.redfin.com/IL/Chicago/8440-S-Winchester-Ave-60620/home/13908741,MRED,11903627,N,Y,41.7399725,-87.6719386
MLS Listing,,Single Family Residential,9922 S Yale Ave,Chicago,IL,60628,235000,3,2.0,CHI - Roseland,1618,3750,1926,2,145,,Active,,,https://www.redfin.com/IL/Chicago/9922-S-Yale-Ave-60628/home/185973806,MRED,11903297,N,Y,41.7136595,-87.6299702
MLS Listing,,Townhouse,6503 N Kedzie Ave,Chicago,IL,60645,329000,3,1.5,CHI - West Ridge,1120,2060,1953,2,294,,Active,,,https://www.redfin.com/IL/Chicago/6503-N-Kedzie-Ave-60645/home/13584197,MRED,11897253,N,Y,41.99939,-87.7091602
MLS Listing,,Single Family Residential,7119 N Melvina Ave,Chicago,IL,60646,699900,5,3.0,CHI - Forest Glen,2551,,1953,2,274,,Active,October-14-2023 01:00 PM,October-14-2023 03:00 PM,https://www.redfin.com/IL/Chicago/7119-N-Melvina-Ave-60646/home/13591944,MRED,11896398,N,Y,42.0107934,-87.7815815
MLS Listing,,Condo/Co-op,2400 N Lakeview Ave #605,Chicago,IL,60614,175000,0,1.0,CHI - Lincoln Park,500,,1964,2,350,472,Active,,,https://www.redfin.com/IL/Chicago/2400-N-Lakeview-Ave-60614/unit-605/home/13365344,MRED,11903580,N,Y,41.925868,-87.6393368
MLS Listing,,Single Family Residential,8317 S Constance Ave,Chicago,IL,60617,72000,2,1.0,CHI - Avalon Park,1584,3149,1885,2,45,,Active,,,https://www.redfin.com/IL/Chicago/8317-S-Constance-Ave-60617/home/13219692,MRED,11903596,N,Y,41.7437561,-87.5792156
MLS Listing,,Condo/Co-op,3530 N Lincoln Ave #405,Chicago,IL,60657,635000,3,2.5,CHI - Lake View,2000,,2020,2,318,426,Active,,,https://www.redfin.com/IL/Chicago/3530-N-Lincoln-Ave-60657/unit-405/home/185207461,MRED,11903592,N,Y,41.9458577,-87.6733302
MLS Listing,,Multi-Family (2-4 Unit),9212 S Brandon Ave,Chicago,IL,60617,183000,6,2.0,CHI - South Chicago,,,1895,2,,,Active,,,https://www.redfin.com/IL/Chicago/9212-S-Brandon-Ave-60617/home/13042106,MRED,11903595,N,Y,41.7278132,-87.5470732
MLS Listing,,Single Family Residential,2342 W Altgeld St,Chicago,IL,60647,499000,5,2.0,CHI - Logan Square,1488,2185,1892,2,335,,Active,,,https://www.redfin.com/IL/Chicago/2342-W-Altgeld-St-60647/home/13358393,MRED,11901193,N,Y,41.9265961,-87.6869735
MLS Listing,,Single Family Residential,10351 S Springfield Ave,Chicago,IL,60655,350000,4,2.0,CHI - Mount Greenwood,,5000,1947,2,,,Active,,,https://www.redfin.com/IL/Chicago/10351-S-Springfield-Ave-60655/home/13155412,MRED,11903567,N,Y,41.7044577,-87.718146
MLS Listing,,Single Family Residential,4946 S LA Crosse Ave,Chicago,IL,60638,275000,3,1.5,CHI - Garfield Ridge,950,3750,,2,289,,Active,,,https://www.redfin.com/IL/Chicago/4946-S-La-Crosse-Ave-60638/home/14025650,MRED,11897429,N,Y,41.8025976,-87.7445251
MLS Listing,,Multi-Family (2-4 Unit),7954 S Manistee Ave,Chicago,IL,60617,69900,5,2.0,CHI - South Chicago,,3125,1898,2,,,Active,,,https://www.redfin.com/IL/Chicago/7954-S-Manistee-Ave-60617/home/13215646,MRED,11903550,N,Y,41.7502463,-87.5579979
MLS Listing,,Single Family Residential,3723 W 55th St,Chicago,IL,60632,339000,6,2.5,CHI - West Elsdon,1923,5000,1900,2,176,,Active,October-14-2023 11:00 AM,October-14-2023 01:00 PM,https://www.redfin.com/IL/Chicago/3723-W-55th-St-60632/home/14012532,MRED,11903545,N,Y,41.7930751,-87.7167806
MLS Listing,,Condo/Co-op,1460 N Sandburg Ter N Unit 1904A,Chicago,IL,60610,163500,0,1.0,Alcott House,,,1962,2,,397,Active,,,https://www.redfin.com/IL/Chicago/1460-N-Sandburg-Ter-60610/unit-1904A/home/14115699,MRED,11903424,N,Y,41.9083243,-87.6324246
MLS Listing,,Single Family Residential,6630 S Loomis Blvd,Chicago,IL,60636,234900,3,2.0,CHI - West Englewood,1408,3101,1905,2,167,,Active,,,https://www.redfin.com/IL/Chicago/6630-S-Loomis-Blvd-60636/home/13933633,MRED,11896528,N,Y,41.7731166,-87.6594562
MLS Listing,,Single Family Residential,10809 S Indiana Ave SE,Chicago,IL,60628,99500,3,1.0,CHI - Roseland,1326,,1928,2,75,,Active,,,https://www.redfin.com/IL/Chicago/10809-S-Indiana-Ave-60628/home/13079993,MRED,11903488,N,Y,41.6977757,-87.6180955
MLS Listing,,Single Family Residential,8300 S Prairie Ave,Chicago,IL,60619,399900,4,2.0,CHI - Chatham,1272,,1969,2,314,,Active,October-14-2023 12:00 PM,October-14-2023 02:00 PM,https://www.redfin.com/IL/Chicago/8300-S-Prairie-Ave-60619/home/13224953,MRED,11903413,N,Y,41.7434706,-87.6182137
MLS Listing,,Single Family Residential,7923 S Princeton Ave,Chicago,IL,60620,205000,3,1.5,CHI - Chatham,1200,4338,1915,2,171,,Active,,,https://www.redfin.com/IL/Chicago/7923-S-Princeton-Ave-60620/home/22852751,MRED,11903515,N,Y,41.7501068,-87.6316171
MLS Listing,,Condo/Co-op,6817 N Ozark Ave Unit 3B,Chicago,IL,60631,229000,2,1.5,CHI - Edison Park,1100,,1965,2,208,330,Active,,,https://www.redfin.com/IL/Chicago/6817-N-Ozark-Ave-60631/unit-3B/home/13637262,MRED,11894557,N,Y,42.0046044,-87.8205157
MLS Listing,,Condo/Co-op,20 N State St #901,Chicago,IL,60602,229000,1,1.0,CHI - Loop,,,1929,2,,349,Active,,,https://www.redfin.com/IL/Chicago/20-N-State-St-60602/unit-901/home/12680350,MRED,11903482,N,Y,41.8826997,-87.6282649
MLS Listing,,Single Family Residential,4140 W Congress Pkwy,Chicago,IL,60624,200000,3,2.0,CHI - West Garfield Park,732,,1880,2,273,,Active,October-10-2023 02:00 PM,October-10-2023 03:30 PM,https://www.redfin.com/IL/Chicago/4140-W-Congress-Pkwy-60624/home/13254406,MRED,11903391,N,Y,41.874509,-87.729572
MLS Listing,,Single Family Residential,9006 S Union Ave,Chicago,IL,60620,199000,4,1.5,CHI - Auburn Gresham,2400,3149,1931,2,83,,Active,,,https://www.redfin.com/IL/Chicago/9006-S-Union-Ave-60620/home/13108527,MRED,11903484,N,Y,41.7305518,-87.6413137
MLS Listing,,Condo/Co-op,33 W Ontario St Unit 57G,Chicago,IL,60654,300000,1,1.0,CHI - Near North Side,,,2003,2,,718,Active,,,https://www.redfin.com/IL/Chicago/33-W-Ontario-St-60654/unit-57G/home/26813885,MRED,11902427,N,Y,41.8930409,-87.6292713
MLS Listing,,Single Family Residential,9141 S Paxton Ave S,Chicago,IL,60617,182500,3,2.0,CHI - Calumet Heights,1240,3125,1945,3,147,,Active,,,https://www.redfin.com/IL/Chicago/9141-S-Paxton-Ave-60617/home/13115873,MRED,11901584,N,Y,41.7286222,-87.5703768
MLS Listing,,Single Family Residential,8804 S Paxton Ave S,Chicago,IL,60617,255000,3,2.0,CHI - Calumet Heights,2011,,1954,3,127,,Active,,,https://www.redfin.com/IL/Chicago/8804-S-Paxton-Ave-60617/home/13115966,MRED,11901450,N,Y,41.7350834,-87.5711186
MLS Listing,,Single Family Residential,3332 N Newcastle Ave,Chicago,IL,60634,525000,4,2.5,Schorsch Village,2000,4965,1943,3,263,,Active,,,https://www.redfin.com/IL/Chicago/3332-N-Newcastle-Ave-60634/home/13469175,MRED,11900392,N,Y,41.9409911,-87.7973241
MLS Listing,,Multi-Family (2-4 Unit),7407 S Saint Lawrence Ave,Chicago,IL,60619,79999,9,4.0,CHI - Greater Grand Crossing,,3049,1895,3,,,Active,,,https://www.redfin.com/IL/Chicago/7407-S-Saint-Lawrence-Ave-60619/home/183639462,MRED,11903474,N,Y,41.7599972,-87.6099967
MLS Listing,,Single Family Residential,4844 S Long Ave,Stickney,IL,60638,270000,3,2.0,Stickney,1511,6250,1949,3,179,,Active,,,https://www.redfin.com/IL/Chicago/4844-S-Long-Ave-60638/home/14027143,MRED,11903192,N,Y,41.804261,-87.758094
MLS Listing,,Single Family Residential,3904 N Oak Park Ave,Chicago,IL,60634,394900,3,2.0,CHI - Dunning,1307,3125,1932,3,302,,Active,,,https://www.redfin.com/IL/Chicago/3904-N-Oak-Park-Ave-60634/home/13471123,MRED,11903453,N,Y,41.9512065,-87.7964869
MLS Listing,,Single Family Residential,9537 S Emerald Ave,Chicago,IL,60628,259900,3,2.0,CHI - Washington Heights,1951,,1962,3,133,,Active,,,https://www.redfin.com/IL/Chicago/9537-S-Emerald-Ave-60628/home/13093214,MRED,11903369,N,Y,41.7203755,-87.6416756
MLS Listing,,Single Family Residential,10506 S Eggleston Ave,Chicago,IL,60628,239900,5,1.5,CHI - Roseland,1100,,1929,3,218,,Active,,,https://www.redfin.com/IL/Chicago/10506-S-Eggleston-Ave-60628/home/13078587,MRED,11903003,N,Y,41.7030801,-87.6345824
MLS Listing,,Single Family Residential,4541 S Michigan Ave,Chicago,IL,60653,1175000,8,7.0,CHI - Grand Boulevard,10348,12632,1888,3,114,,Active,,,https://www.redfin.com/IL/Chicago/4541-S-Michigan-Ave-60653/home/13961104,MRED,11903427,N,Y,41.8119776,-87.6224751
MLS Listing,,Multi-Family (2-4 Unit),2417 W Dakin St,Chicago,IL,60618,665000,6,3.0,CHI - North Center,,3025,1931,3,,,Active,,,https://www.redfin.com/IL/Chicago/2417-W-Dakin-St-60618/home/13452616,MRED,11903402,N,Y,41.9529098,-87.6892074
MLS Listing,,Multi-Family (2-4 Unit),1336 N Central Ave,Chicago,IL,60651,449900,4,3.0,CHI - Austin,,,1917,3,,,Active,,,https://www.redfin.com/IL/Chicago/1336-N-Central-Ave-60651/home/13278172,MRED,11903422,N,Y,41.9050757,-87.7660363
MLS Listing,,Single Family Residential,1055 N Drake Ave,Chicago,IL,60651,499900,5,4.0,CHI - Humboldt Park,1663,3750,1914,3,301,,Active,,,https://www.redfin.com/IL/Chicago/1055-N-Drake-Ave-60651/home/13283921,MRED,11903418,N,Y,41.9007391,-87.7150297
MLS Listing,,Single Family Residential,815 N Latrobe Ave,Chicago,IL,60651,199900,4,2.0,CHI - Austin,3216,,,3,62,,Active,,,https://www.redfin.com/IL/Chicago/815-N-Latrobe-Ave-60651/home/185971332,MRED,11903414,N,Y,41.895465,-87.7566321
MLS Listing,,Condo/Co-op,2134 W Pierce Ave #1,Chicago,IL,60622,1499999,4,3.5,CHI - West Town,3800,,1905,3,395,385,Active,,,https://www.redfin.com/IL/Chicago/2134-W-Pierce-Ave-60622/unit-1/home/183342766,MRED,11902800,N,Y,41.9096084,-87.6811886
MLS Listing,,Multi-Family (2-4 Unit),1906 W 34th Pl,Chicago,IL,60608,649900,6,4.0,CHI - McKinley Park,,,1895,3,,,Active,,,https://www.redfin.com/IL/Chicago/1906-W-34th-Pl-60608/home/14077235,MRED,11902534,N,Y,41.8315651,-87.6731963
MLS Listing,,Single Family Residential,149 W 118th St,Chicago,IL,60628,59000,3,1.0,CHI - West Pullman,1312,,1955,3,45,,Active,,,https://www.redfin.com/IL/Chicago/149-W-118th-St-60628/home/13060857,MRED,11903400,N,Y,41.6796232,-87.6271025
MLS Listing,,Condo/Co-op,1917 W Granville Ave #102,Chicago,IL,60660,195000,2,1.0,CHI - West Ridge,1000,,1978,3,195,190,Active,,,https://www.redfin.com/IL/Chicago/1917-W-Granville-Ave-60660/unit-102/home/13407165,MRED,11903401,N,Y,41.9941033,-87.6779533
MLS Listing,,Condo/Co-op,6957 N Ashland Blvd Unit 3S,Chicago,IL,60626,349900,2,2.0,CHI - Rogers Park,1400,,2006,3,250,298,Active,,,https://www.redfin.com/IL/Chicago/6957-N-Ashland-Blvd-60626/unit-3S/home/18940016,MRED,11903399,N,Y,42.0083253,-87.6698449
MLS Listing,,Single Family Residential,6550 S Kilpatrick Ave,Chicago,IL,60629,345000,3,2.0,CHI - Clearing,,3750,1928,3,,,Active,,,https://www.redfin.com/IL/Chicago/6550-S-Kilpatrick-Ave-60629/home/13993893,MRED,11903397,N,Y,41.7733444,-87.7399853
MLS Listing,,Single Family Residential,7520 W Ainslie St,Harwood Heights,IL,60706,375000,3,2.0,Harwood Heights,1144,3750,1960,3,328,,Active,,,https://www.redfin.com/IL/Harwood-Heights/7520-W-Ainslie-St-60706/home/13555476,MRED,11902148,N,Y,41.9690893,-87.8156331
MLS Listing,,Condo/Co-op,1325 W North Shore Ave Unit 2S,Chicago,IL,60626,245000,2,1.0,CHI - Rogers Park,,,1920,3,,270,Active,,,https://www.redfin.com/IL/Chicago/1325-W-North-Shore-Ave-60626/unit-2S/home/18943857,MRED,11903364,N,Y,42.0031674,-87.6646231
MLS Listing,,Multi-Family (2-4 Unit),4116 W Arthington St,Chicago,IL,60624,435000,8,3.0,CHI - West Garfield Park,,,1917,3,,,Active,,,https://www.redfin.com/IL/Chicago/4116-W-Arthington-St-60624/home/13254711,MRED,11902991,N,Y,41.8702224,-87.7285973
MLS Listing,,Single Family Residential,3432 W 61st Pl,Chicago,IL,60629,319900,7,3.0,CHI - Chicago Lawn,1860,10890,1924,3,172,,Active,,,https://www.redfin.com/IL/Chicago/3432-W-61st-Pl-60629/home/14007213,MRED,11903343,N,Y,41.7818283,-87.709413
MLS Listing,,Multi-Family (2-4 Unit),7339 S Bennett Ave,Chicago,IL,60649,255000,4,2.0,CHI - South Shore,,5227,1920,3,,,Active,,,https://www.redfin.com/IL/Chicago/7339-S-Bennett-Ave-60649/home/13926415,MRED,11903387,N,Y,41.7613643,-87.5789936
MLS Listing,,Condo/Co-op,221 E Cullerton St #301,Chicago,IL,60616,249000,1,1.0,CHI - Near South Side,836,,,3,298,415,Active,,,https://www.redfin.com/IL/Chicago/221-E-Cullerton-St-60616/unit-301/home/12692706,MRED,11900777,N,Y,41.8553079,-87.6210253
MLS Listing,,Single Family Residential,7632 S Laflin St,Chicago,IL,60620,264000,6,3.0,CHI - Auburn Gresham,5154,3125,1941,3,51,,Active,,,https://www.redfin.com/IL/Chicago/7632-S-Laflin-St-60620/home/13914383,MRED,11903386,N,Y,41.7548567,-87.6622099
MLS Listing,,Single Family Residential,3728 W Mclean Ave,Chicago,IL,60647,495000,6,3.0,CHI - Logan Square,2800,3150,,3,177,,Active,,,https://www.redfin.com/IL/Chicago/3728-W-McLean-Ave-60647/home/183682739,MRED,11903296,N,Y,41.9183598,-87.7204338
MLS Listing,,Condo/Co-op,118 N Willard Ct #202,Chicago,IL,60607,2500000,4,3.5,CHI - Near West Side,,,2023,3,,294,Active,,,https://www.redfin.com/IL/Chicago/118-N-Willard-Ct-60607/unit-202/home/187854252,MRED,11903110,N,Y,41.883562,-87.657926
MLS Listing,,Multi-Family (2-4 Unit),4138 N Clarendon Ave,Chicago,IL,60613,1125000,8,6.0,CHI - Uptown,,,1910,3,,,Active,,,https://www.redfin.com/IL/Chicago/4138-N-Clarendon-Ave-60613/home/187009964,MRED,11903372,N,Y,41.95679,-87.650001
MLS Listing,,Condo/Co-op,118 N Willard Ct #101,Chicago,IL,60607,799000,2,2.0,CHI - Near West Side,,,2023,3,,95,Active,,,https://www.redfin.com/IL/Chicago/118-N-Willard-Ct-60607/unit-101/home/187854165,MRED,11903078,N,Y,41.883562,-87.657926
MLS Listing,,Single Family Residential,8608 S Carpenter St,Chicago,IL,60620,139000,3,1.5,CHI - Auburn Gresham,1114,,1963,3,125,,Active,,,https://www.redfin.com/IL/Chicago/8608-S-Carpenter-St-60620/home/13227556,MRED,11902475,N,Y,41.7374692,-87.6500233
MLS Listing,,Single Family Residential,5345 N Neenah Ave,Chicago,IL,60656,400000,3,2.0,Union Ridge,1977,3690,1925,3,202,,Active,,,https://www.redfin.com/IL/Chicago/5345-N-Neenah-Ave-60656/home/13504795,MRED,11903024,N,Y,41.9787973,-87.7899173
MLS Listing,,Multi-Family (2-4 Unit),6742 S Morgan St,Chicago,IL,60621,159000,5,2.0,CHI - Englewood,,3920,1904,3,,,Active,,,https://www.redfin.com/IL/Chicago/6742-S-Morgan-St-60621/home/13932403,MRED,11903307,N,Y,41.7711634,-87.6497114
MLS Listing,,Single Family Residential,7419 W Birchwood Ave,Chicago,IL,60631,349000,3,1.5,CHI - Edison Park,2250,5375,1955,3,155,,Active,,,https://www.redfin.com/IL/Chicago/7419-W-Birchwood-Ave-60631/home/13651110,MRED,11903313,N,Y,42.016883,-87.8123959
